target_time,target_year,target_month,obs_dry_frac,xgb_raw_prob_dry,xgb_isotonic_prob_dry,xgb_platt_prob_dry,n_pixels,selected_calibration,xgb_selected_prob_dry,clim_train_monthly,clim_fixed_1991_2020,clim_expanding_prior,clim_rolling_15yr_prior,clim_rolling_30yr_prior,split,train_end,validation_years,test_years
2005-01-01,2005,1,0.011296948356807512,0.26844242,0.08685401,0.11280899103282764,6816,isotonic,0.08685401,0.020621413667188317,0.15218755059090172,0.03806654026724449,0.03806654026724449,0.03806654026724449,holdout_2005_2008,2000,2001-2004,2005-2008
2005-02-01,2005,2,0.0,0.20272572,0.010275808,0.09830322733974145,6816,isotonic,0.010275808,0.16632433489827855,0.18466690950299497,0.14216549295774647,0.14216549295774647,0.14216549295774647,holdout_2005_2008,2000,2001-2004,2005-2008
2005-03-01,2005,3,0.003961267605633803,0.2716968,0.105298065,0.1134886920487429,6816,isotonic,0.105298065,0.18593505477308295,0.18167192812044683,0.2042704947634525,0.2042704947634525,0.2042704947634525,holdout_2005_2008,2000,2001-2004,2005-2008
2005-04-01,2005,4,0.010123239436619719,0.262006,0.08465079,0.11119552675229447,6816,isotonic,0.08465079,0.160684011476265,0.16054010846689332,0.19743138317081982,0.19743138317081982,0.19743138317081982,holdout_2005_2008,2000,2001-2004,2005-2008
2005-05-01,2005,5,0.0,0.22683074,0.047898848,0.10346283454346299,6816,isotonic,0.047898848,0.12147887323943662,0.16012020398251578,0.14862089201877934,0.14862089201877934,0.14862089201877934,holdout_2005_2008,2000,2001-2004,2005-2008
2005-06-01,2005,6,0.06558098591549295,0.3569505,0.18258303,0.13517691330414883,6816,isotonic,0.18258303,0.07373174230568597,0.1071312935081755,0.10352338389310221,0.10352338389310221,0.10352338389310221,holdout_2005_2008,2000,2001-2004,2005-2008
2005-07-01,2005,7,0.002640845070422535,0.16435133,0.0020285104,0.0907002569584635,6816,isotonic,0.0020285104,0.02897593896713615,0.01050469483568075,0.020697099262240105,0.020697099262240105,0.020697099262240105,holdout_2005_2008,2000,2001-2004,2005-2008
2005-08-01,2005,8,0.0022013501614323453,0.3315608,0.17640053,0.1283080232849189,6814,isotonic,0.17640053,0.13435573818608745,0.05746991488112709,0.10100004193047928,0.10100004193047928,0.10100004193047928,holdout_2005_2008,2000,2001-2004,2005-2008
2005-09-01,2005,9,0.000146756677428823,0.28532663,0.12334709,0.11685529195614762,6814,isotonic,0.12334709,0.11395656002348106,0.0648175325310635,0.08658643968300554,0.08658643968300554,0.08658643968300554,holdout_2005_2008,2000,2001-2004,2005-2008
2005-10-01,2005,10,0.05444672732609334,0.29112363,0.13267694,0.11818180582511655,6814,isotonic,0.13267694,0.13410625183445846,0.1919577340769005,0.19634995177994888,0.19634995177994888,0.19634995177994888,holdout_2005_2008,2000,2001-2004,2005-2008
2005-11-01,2005,11,0.06778169014084508,0.32838637,0.17569593,0.1274623761589826,6816,isotonic,0.17569593,0.28871772300469484,0.18009585289514868,0.21380365526492287,0.21380365526492287,0.21380365526492287,holdout_2005_2008,2000,2001-2004,2005-2008
2005-12-01,2005,12,0.0,0.30126265,0.14964838,0.12063529528712812,6816,isotonic,0.14964838,0.18265845070422534,0.164695813771518,0.13047032193158953,0.13047032193158953,0.13047032193158953,holdout_2005_2008,2000,2001-2004,2005-2008
2006-01-01,2006,1,0.0,0.51408684,0.18347183,0.1834569667179184,6816,isotonic,0.18347183,0.020621413667188317,0.15218755059090172,0.03615442655935614,0.03615442655935614,0.03615442655935614,holdout_2005_2008,2000,2001-2004,2005-2008
2006-02-01,2006,2,0.0010269953051643193,0.29760733,0.14820194,0.11969254784627548,6816,isotonic,0.14820194,0.16632433489827855,0.18466690950299497,0.132010814889336,0.132010814889336,0.132010814889336,holdout_2005_2008,2000,2001-2004,2005-2008
2006-03-01,2006,3,0.0,0.31350866,0.16692005,0.12365216201144671,6816,isotonic,0.16692005,0.18593505477308295,0.18167192812044683,0.1899626928236083,0.1899626928236083,0.1899626928236083,holdout_2005_2008,2000,2001-2004,2005-2008
2006-04-01,2006,4,0.00014671361502347418,0.406648,0.18347183,0.1489933839568626,6816,isotonic,0.18347183,0.160684011476265,0.16054010846689332,0.18405223004694835,0.18405223004694835,0.18405223004694835,holdout_2005_2008,2000,2001-2004,2005-2008
2006-05-01,2006,5,0.005428403755868545,0.3772704,0.18282503,0.14070889696610775,6816,isotonic,0.18282503,0.12147887323943662,0.16012020398251578,0.13800511401743795,0.13800511401743795,0.13800511401743795,holdout_2005_2008,2000,2001-2004,2005-2008
2006-06-01,2006,6,0.04518779342723005,0.272523,0.10714119,0.11367606625255772,6816,isotonic,0.10714119,0.07373174230568597,0.1071312935081755,0.10081321260898726,0.10081321260898726,0.10081321260898726,holdout_2005_2008,2000,2001-2004,2005-2008
2006-07-01,2006,7,0.0,0.20933658,0.029111605,0.09982682993943824,6816,isotonic,0.029111605,0.02897593896713615,0.01050469483568075,0.0194933489827856,0.0194933489827856,0.0194933489827856,holdout_2005_2008,2000,2001-2004,2005-2008
2006-08-01,2006,8,0.04094511300264162,0.28979513,0.12928365,0.11791001646663207,6814,isotonic,0.12928365,0.13435573818608745,0.05746991488112709,0.09441346247920948,0.09441346247920948,0.09441346247920948,holdout_2005_2008,2000,2001-2004,2005-2008
2006-09-01,2006,9,0.07088347519812152,0.31407866,0.1554095,0.12392745333089203,6814,isotonic,0.1554095,0.11395656002348106,0.0648175325310635,0.08082379414930044,0.08082379414930044,0.08082379414930044,holdout_2005_2008,2000,2001-2004,2005-2008
2006-10-01,2006,10,0.2698855297916055,0.34136498,0.17740987,0.1308800916318713,6814,isotonic,0.17740987,0.13410625183445846,0.1919577340769005,0.18688973681635848,0.18688973681635848,0.18688973681635848,holdout_2005_2008,2000,2001-2004,2005-2008
2006-11-01,2006,11,0.03433098591549296,0.2870067,0.12347133,0.11726344063859515,6816,isotonic,0.12347133,0.28871772300469484,0.18009585289514868,0.20406885758998433,0.20406885758998433,0.20406885758998433,holdout_2005_2008,2000,2001-2004,2005-2008
2006-12-01,2006,12,0.0,0.49195296,0.1833694,0.17599033765292627,6816,isotonic,0.1833694,0.18265845070422534,0.164695813771518,0.12177230046948356,0.12177230046948356,0.12177230046948356,holdout_2005_2008,2000,2001-2004,2005-2008
2007-01-01,2007,1,0.9976525821596244,0.27227515,0.108949944,0.11370212848800916,6816,isotonic,0.108949944,0.020621413667188317,0.15218755059090172,0.03374413145539907,0.03374413145539907,0.03374413145539907,holdout_2005_2008,2000,2001-2004,2005-2008
2007-02-01,2007,2,0.0,0.2619324,0.08394894,0.11117545265458155,6816,isotonic,0.08394894,0.16632433489827855,0.18466690950299497,0.12327856025039122,0.12327856025039122,0.12327856025039122,holdout_2005_2008,2000,2001-2004,2005-2008
2007-03-01,2007,3,0.8584213615023474,0.30815092,0.16446231,0.12226841290866002,6816,isotonic,0.16446231,0.18593505477308295,0.18167192812044683,0.17729851330203444,0.17729851330203444,0.17729851330203444,holdout_2005_2008,2000,2001-2004,2005-2008
2007-04-01,2007,4,0.00014671361502347418,0.32850456,0.1782399,0.12743059898943376,6816,isotonic,0.1782399,0.160684011476265,0.16054010846689332,0.17179186228482005,0.17179186228482005,0.17179186228482005,holdout_2005_2008,2000,2001-2004,2005-2008
2007-05-01,2007,5,0.497212441314554,0.30308846,0.15099399,0.1211375827838897,6816,isotonic,0.15099399,0.12147887323943662,0.16012020398251578,0.12916666666666668,0.12916666666666668,0.12916666666666668,holdout_2005_2008,2000,2001-2004,2005-2008
2007-06-01,2007,6,0.025088028169014086,0.2911949,0.13694629,0.11812663015955416,6816,isotonic,0.13694629,0.07373174230568597,0.1071312935081755,0.09710485133020345,0.09710485133020345,0.09710485133020345,holdout_2005_2008,2000,2001-2004,2005-2008
2007-07-01,2007,7,0.0,0.3254032,0.16164133,0.12681244470212524,6816,isotonic,0.16164133,0.02897593896713615,0.01050469483568075,0.0182750146713615,0.008499608763693272,0.0182750146713615,holdout_2005_2008,2000,2001-2004,2005-2008
2007-08-01,2007,8,0.024361608453184618,0.25073656,0.07492292,0.10877424599071495,6814,isotonic,0.07492292,0.13435573818608745,0.05746991488112709,0.09107169063692398,0.07030623226690148,0.09107169063692398,holdout_2005_2008,2000,2001-2004,2005-2008
2007-09-01,2007,9,0.0,0.4787275,0.18347183,0.17152985274273821,6814,isotonic,0.18347183,0.11395656002348106,0.0648175325310635,0.08020252421485177,0.04742197436650035,0.08020252421485177,holdout_2005_2008,2000,2001-2004,2005-2008
2007-10-01,2007,10,0.011740534194305841,0.55758387,0.18347183,0.19910794736337176,6814,isotonic,0.18347183,0.13410625183445846,0.1919577340769005,0.19207697387731143,0.20093924273554448,0.19207697387731143,holdout_2005_2008,2000,2001-2004,2005-2008
2007-11-01,2007,11,0.6795774647887324,0.34772632,0.18343808,0.1324980955807285,6816,isotonic,0.18343808,0.28871772300469484,0.18009585289514868,0.19346024061032863,0.17291666666666666,0.19346024061032863,holdout_2005_2008,2000,2001-2004,2005-2008
2007-12-01,2007,12,0.04826877934272301,0.62631977,0.18347183,0.2257831519520744,6816,isotonic,0.18347183,0.18265845070422534,0.164695813771518,0.11416153169014084,0.12176251956181534,0.11416153169014084,holdout_2005_2008,2000,2001-2004,2005-2008
2008-01-01,2008,1,0.0,0.1503958,0.0006251168,0.08804528393350203,6816,isotonic,0.0006251168,0.020621413667188317,0.15218755059090172,0.09398840962441316,0.09355438184663536,0.09398840962441316,holdout_2005_2008,2000,2001-2004,2005-2008
2008-02-01,2008,2,0.038438967136150234,0.1621313,0.0008541056,0.0902489173308386,6816,isotonic,0.0008541056,0.16632433489827855,0.18466690950299497,0.11557365023474178,0.12327856025039122,0.11557365023474178,holdout_2005_2008,2000,2001-2004,2005-2008
2008-03-01,2008,3,0.9330985915492958,0.18392089,0.0064581768,0.09455161409128905,6816,isotonic,0.0064581768,0.18593505477308295,0.18167192812044683,0.21986869131455397,0.23348982785602504,0.21986869131455397,holdout_2005_2008,2000,2001-2004,2005-2008
2008-04-01,2008,4,0.8328931924882629,0.25474048,0.089078404,0.10956933422566341,6816,isotonic,0.089078404,0.160684011476265,0.16054010846689332,0.16106404049295775,0.14497261345852894,0.16106404049295775,holdout_2005_2008,2000,2001-2004,2005-2008
2008-05-01,2008,5,0.4306044600938967,0.3129503,0.16690044,0.12348770780378159,6816,isotonic,0.16690044,0.12147887323943662,0.16012020398251578,0.15216952758215962,0.12896126760563378,0.15216952758215962,holdout_2005_2008,2000,2001-2004,2005-2008
2008-06-01,2008,6,0.4244424882629108,0.25973028,0.081229754,0.11066710607672398,6816,isotonic,0.081229754,0.07373174230568597,0.1071312935081755,0.0926037998826291,0.09850352112676057,0.0926037998826291,holdout_2005_2008,2000,2001-2004,2005-2008
2008-07-01,2008,7,0.0035211267605633804,0.23933792,0.072623245,0.10608790251782162,6816,isotonic,0.072623245,0.02897593896713615,0.01050469483568075,0.017200013808340235,0.0011737089201877932,0.017200013808340235,holdout_2005_2008,2000,2001-2004,2005-2008
2008-08-01,2008,8,0.038303492808922805,0.37021905,0.18347183,0.13856954723968454,6814,isotonic,0.18347183,0.13435573818608745,0.05746991488112709,0.08714756815552754,0.071861853047647,0.08714756815552754,holdout_2005_2008,2000,2001-2004,2005-2008
2008-09-01,2008,9,0.1549750513648371,0.27854577,0.110472344,0.11524517121245889,6814,isotonic,0.110472344,0.11395656002348106,0.0648175325310635,0.07548472867280166,0.04358673319636044,0.07548472867280166,holdout_2005_2008,2000,2001-2004,2005-2008
2008-10-01,2008,10,0.0,0.34278658,0.1819785,0.13125117119455923,6814,isotonic,0.1819785,0.13410625183445846,0.1919577340769005,0.18146894801360522,0.20072399960864884,0.18146894801360522,holdout_2005_2008,2000,2001-2004,2005-2008
2008-11-01,2008,11,0.0,0.41748384,0.18347183,0.1521944926035928,6816,isotonic,0.18347183,0.28871772300469484,0.18009585289514868,0.2220553714443524,0.16929773082942096,0.2220553714443524,holdout_2005_2008,2000,2001-2004,2005-2008
2008-12-01,2008,12,0.45026408450704225,0.20953608,0.016691487,0.09972590443688142,6816,isotonic,0.016691487,0.18265845070422534,0.164695813771518,0.11028548743441038,0.12350352112676057,0.11028548743441038,holdout_2005_2008,2000,2001-2004,2005-2008
2009-01-01,2009,1,0.7470657276995305,0.4710606,0.19377846,0.16250371136966058,6816,isotonic,0.19377846,0.03806654026724449,0.15218755059090172,0.0884596796465065,0.09343701095461658,0.0884596796465065,holdout_2009_2012,2004,2005-2008,2009-2012
2009-02-01,2009,2,0.0,0.27404594,0.19377846,0.1476622886726441,6816,isotonic,0.19377846,0.14216549295774647,0.18466690950299497,0.11103631593482463,0.1255281690140845,0.11103631593482463,holdout_2009_2012,2004,2005-2008,2009-2012
2009-03-01,2009,3,0.07144953051643192,0.22617906,0.15423426,0.1442423363641124,6816,isotonic,0.15423426,0.20427049476345252,0.18167192812044683,0.2618233913283623,0.2956474960876369,0.2618233913283623,holdout_2009_2012,2004,2005-2008,2009-2012
2009-04-01,2009,4,0.2800762910798122,0.38179693,0.19377846,0.155640013247697,6816,isotonic,0.19377846,0.1974313831708198,0.16054010846689332,0.20058340237503453,0.19246870109546166,0.20058340237503453,holdout_2009_2012,2004,2005-2008,2009-2012
2009-05-01,2009,5,0.0,0.22971633,0.18965244,0.1444828783805109,6816,isotonic,0.18965244,0.14862089201877934,0.16012020398251578,0.1685480530240265,0.15492957746478872,0.1685480530240265,holdout_2009_2012,2004,2005-2008,2009-2012
2009-06-01,2009,6,0.0067488262910798125,0.26913193,0.19377846,0.1473080300427498,6816,isotonic,0.19377846,0.1035233838931022,0.1071312935081755,0.11212372272852801,0.12660406885758999,0.11212372272852801,holdout_2009_2012,2004,2005-2008,2009-2012
2009-07-01,2009,7,0.0008802816901408451,0.2510246,0.19377846,0.14600342595036864,6816,isotonic,0.19377846,0.020697099262240108,0.01050469483568075,0.016440075639019298,0.0011932707355242565,0.016440075639019298,holdout_2009_2012,2004,2005-2008,2009-2012
2009-08-01,2009,8,0.000146756677428823,0.18082178,0.039580368,0.14104304640668397,6814,isotonic,0.039580368,0.10100004193047926,0.05746991488112709,0.08443400841404951,0.07000293513354856,0.08443400841404951,holdout_2009_2012,2004,2005-2008,2009-2012
2009-09-01,2009,9,0.04167889638978574,0.30243388,0.19350626,0.14973766743883477,6814,isotonic,0.19350626,0.08658643968300557,0.0648175325310635,0.07990085771124808,0.04310732805009295,0.07990085771124808,holdout_2009_2012,2004,2005-2008,2009-2012
2009-10-01,2009,10,0.0,0.21815585,0.16931988,0.14366396068968695,6814,isotonic,0.16931988,0.19634995177994885,0.1919577340769005,0.17138733979062715,0.1996869190881518,0.17138733979062715,holdout_2009_2012,2004,2005-2008,2009-2012
2009-11-01,2009,11,0.602406103286385,0.4455651,0.19377846,0.1605289526324494,6816,isotonic,0.19377846,0.21380365526492287,0.18009585289514868,0.20971896191966613,0.16668622848200312,0.20971896191966613,holdout_2009_2012,2004,2005-2008,2009-2012
2009-12-01,2009,12,0.0,0.21966721,0.18203735,0.14377072992172876,6816,isotonic,0.18203735,0.13047032193158953,0.164695813771518,0.12917318727177884,0.15229851330203442,0.12917318727177884,holdout_2009_2012,2004,2005-2008,2009-2012
2010-01-01,2010,1,0.0,0.20620844,0.12935784,0.1428202055275105,6816,isotonic,0.12935784,0.03806654026724449,0.15218755059090172,0.12504890453834117,0.137754303599374,0.12504890453834117,holdout_2009_2012,2004,2005-2008,2009-2012
2010-02-01,2010,2,0.0,0.27934054,0.19377846,0.1480575049002983,6816,isotonic,0.19377846,0.14216549295774647,0.18466690950299497,0.10486763171622326,0.1255281690140845,0.10486763171622326,holdout_2009_2012,2004,2005-2008,2009-2012
2010-03-01,2010,3,0.06924882629107981,0.34615657,0.19377846,0.15296101236859028,6816,isotonic,0.19377846,0.20427049476345252,0.18167192812044683,0.2512470657276995,0.26419209702660407,0.2512470657276995,holdout_2009_2012,2004,2005-2008,2009-2012
2010-04-01,2010,4,0.0,0.74982816,0.24501881,0.18552658929147905,6816,isotonic,0.24501881,0.1974313831708198,0.16054010846689332,0.2049996739697444,0.19964788732394365,0.2049996739697444,holdout_2009_2012,2004,2005-2008,2009-2012
2010-05-01,2010,5,0.09081572769953052,0.24353664,0.19377846,0.14546930597962013,6816,isotonic,0.19377846,0.14862089201877934,0.16012020398251578,0.15918427230046947,0.1540590766823161,0.15918427230046947,holdout_2009_2012,2004,2005-2008,2009-2012
2010-06-01,2010,6,0.16549295774647887,0.27561837,0.19377846,0.1477790178233415,6816,isotonic,0.19377846,0.1035233838931022,0.1071312935081755,0.10626956181533645,0.1049197965571205,0.10626956181533645,holdout_2009_2012,2004,2005-2008,2009-2012
2010-07-01,2010,7,0.0005868544600938967,0.4646486,0.19377846,0.16201781073021174,6816,isotonic,0.19377846,0.020697099262240108,0.01050469483568075,0.015621139115394119,0.0010269953051643193,0.015621139115394119,holdout_2009_2012,2004,2005-2008,2009-2012
2010-08-01,2010,8,0.031552685647196946,0.31336302,0.19377846,0.15053645785233077,6814,isotonic,0.19377846,0.10100004193047926,0.05746991488112709,0.07999783727001684,0.06358477644066138,0.07999783727001684,holdout_2009_2012,2004,2005-2008,2009-2012
2010-09-01,2010,9,0.10375697094217787,0.1983515,0.088323966,0.14226717084734078,6814,isotonic,0.088323966,0.08658643968300557,0.0648175325310635,0.07788917553643428,0.04568046179434498,0.07788917553643428,holdout_2009_2012,2004,2005-2008,2009-2012
2010-10-01,2010,10,0.000293513354857646,0.16200712,0.008605736,0.13973368602541103,6814,isotonic,0.008605736,0.19634995177994885,0.1919577340769005,0.1623669534858573,0.1984345954407592,0.1623669534858573,holdout_2009_2012,2004,2005-2008,2009-2012
2010-11-01,2010,11,0.0010269953051643193,0.1593617,0.009001243,0.1395507105097634,6816,isotonic,0.009001243,0.21380365526492287,0.18009585289514868,0.23038670620212506,0.20684663536776213,0.23038670620212506,holdout_2009_2012,2004,2005-2008,2009-2012
2010-12-01,2010,12,0.0,0.38052878,0.19377846,0.1555399081380472,6816,isotonic,0.19377846,0.13047032193158953,0.164695813771518,0.122374598468001,0.13602308294209703,0.122374598468001,holdout_2009_2012,2004,2005-2008,2009-2012
2011-01-01,2011,1,0.20334507042253522,0.14753717,0.008591586,0.1387362030602125,6816,isotonic,0.008591586,0.03806654026724449,0.15218755059090172,0.11846738324684952,0.137754303599374,0.11846738324684952,holdout_2009_2012,2004,2005-2008,2009-2012
2011-02-01,2011,2,0.03799882629107981,0.32208169,0.19377846,0.1511778587193177,6816,isotonic,0.19377846,0.14216549295774647,0.18466690950299497,0.0993482826785273,0.07043231611893583,0.0993482826785273,holdout_2009_2012,2004,2005-2008,2009-2012
2011-03-01,2011,3,0.0,0.31310776,0.19377846,0.15051358433072504,6816,isotonic,0.19377846,0.20427049476345252,0.18167192812044683,0.241668211020509,0.2688086854460094,0.241668211020509,holdout_2009_2012,2004,2005-2008,2009-2012
2011-04-01,2011,4,0.19175469483568075,0.3030787,0.19377846,0.14977923368974702,6816,isotonic,0.19377846,0.1974313831708198,0.16054010846689332,0.194210217445021,0.1986111111111111,0.194210217445021,holdout_2009_2012,2004,2005-2008,2009-2012
2011-05-01,2011,5,0.017605633802816902,0.25870773,0.19377846,0.14655552946574382,6816,isotonic,0.19377846,0.14862089201877934,0.16012020398251578,0.15558592784778846,0.16011345852895148,0.15558592784778846,holdout_2009_2012,2004,2005-2008,2009-2012
2011-06-01,2011,6,0.005721830985915493,0.22769366,0.16071254,0.14434907383208184,6816,isotonic,0.16071254,0.1035233838931022,0.1071312935081755,0.10938658265381764,0.11574726134585286,0.10938658265381764,holdout_2009_2012,2004,2005-2008,2009-2012
2011-07-01,2011,7,0.0033744131455399062,0.23525394,0.19377846,0.14487701198032188,6816,isotonic,0.19377846,0.020697099262240108,0.01050469483568075,0.014869424882629106,0.0009683098591549297,0.014869424882629106,holdout_2009_2012,2004,2005-2008,2009-2012
2011-08-01,2011,8,0.07147050190783681,0.26427484,0.19377846,0.14696284489042827,6814,isotonic,0.19377846,0.10100004193047926,0.05746991488112709,0.07757557968887585,0.06188239898248703,0.07757557968887585,holdout_2009_2012,2004,2005-2008,2009-2012
2011-09-01,2011,9,0.0035221602582917524,0.3626008,0.19377846,0.1542185465960135,6814,isotonic,0.19377846,0.08658643968300557,0.0648175325310635,0.07918256530672146,0.04133646414245182,0.07918256530672146,holdout_2009_2012,2004,2005-2008,2009-2012
2011-10-01,2011,10,0.009392427355444672,0.61577547,0.19377846,0.17415670449672963,6814,isotonic,0.19377846,0.19634995177994885,0.1919577340769005,0.15426328147930732,0.14578808335779278,0.15426328147930732,holdout_2009_2012,2004,2005-2008,2009-2012
2011-11-01,2011,11,0.0008802816901408451,0.38080063,0.19377846,0.15556547439472357,6816,isotonic,0.19377846,0.21380365526492287,0.18009585289514868,0.218918720657277,0.15058685446009393,0.218918720657277,holdout_2009_2012,2004,2005-2008,2009-2012
2011-12-01,2011,12,0.8964201877934272,0.31057397,0.19377846,0.15033074617348827,6816,isotonic,0.19377846,0.13047032193158953,0.164695813771518,0.11625586854460095,0.13602308294209703,0.11625586854460095,holdout_2009_2012,2004,2005-2008,2009-2012
2012-01-01,2012,1,0.0,0.26192477,0.19377846,0.14678972448890099,6816,isotonic,0.19377846,0.03806654026724449,0.15218755059090172,0.1227112676056338,0.151310641627543,0.1227112676056338,holdout_2009_2012,2004,2005-2008,2009-2012
2012-02-01,2012,2,0.06455399061032864,0.2543296,0.1923489,0.14624521182946718,6816,isotonic,0.1923489,0.14216549295774647,0.18466690950299497,0.09628080985915492,0.07296557120500782,0.09628080985915492,holdout_2009_2012,2004,2005-2008,2009-2012
2012-03-01,2012,3,0.0,0.19562419,0.07332029,0.14207467197690907,6816,isotonic,0.07332029,0.20427049476345252,0.18167192812044683,0.22958480046948354,0.26535602503912364,0.22958480046948354,holdout_2009_2012,2004,2005-2008,2009-2012
2012-04-01,2012,4,0.00029342723004694836,0.36394966,0.19377846,0.1542936013372176,6816,isotonic,0.19377846,0.1974313831708198,0.16054010846689332,0.194087441314554,0.2076095461658842,0.194087441314554,holdout_2009_2012,2004,2005-2008,2009-2012
2012-05-01,2012,5,0.7544014084507042,0.2260492,0.1931131,0.1442234846797355,6816,isotonic,0.1931131,0.14862089201877934,0.16012020398251578,0.1486869131455399,0.15914514866979654,0.1486869131455399,holdout_2009_2012,2004,2005-2008,2009-2012
2012-06-01,2012,6,0.17913732394366197,0.31222373,0.19377846,0.15046308662951777,6816,isotonic,0.19377846,0.1035233838931022,0.1071312935081755,0.10420334507042253,0.10275821596244133,0.10420334507042253,holdout_2009_2012,2004,2005-2008,2009-2012
2012-07-01,2012,7,0.0035211267605633804,0.23266,0.18362246,0.14469601025754678,6816,isotonic,0.18362246,0.020697099262240108,0.01050469483568075,0.014322043371339143,0.0011737089201877935,0.014322043371339143,holdout_2009_2012,2004,2005-2008,2009-2012
2012-08-01,2012,8,0.012914587613736424,0.25805658,0.19377846,0.14650908668245233,6814,isotonic,0.19377846,0.10100004193047926,0.05746991488112709,0.07728486169930256,0.025741121221015555,0.07728486169930256,holdout_2009_2012,2004,2005-2008,2009-2012
2012-09-01,2012,9,0.04916348693865571,0.26326656,0.19377846,0.14688990350032516,6814,isotonic,0.19377846,0.08658643968300557,0.0648175325310635,0.07557968887584386,0.03795127678309363,0.07557968887584386,holdout_2009_2012,2004,2005-2008,2009-2012
2012-10-01,2012,10,0.068828881714118,0.23309101,0.19045696,0.14472451961731525,6814,isotonic,0.19045696,0.19634995177994885,0.1919577340769005,0.14736466937817103,0.14610116426964095,0.14736466937817103,holdout_2009_2012,2004,2005-2008,2009-2012
2012-11-01,2012,11,0.0008802816901408451,0.19995855,0.100050665,0.14237972433913976,6816,isotonic,0.100050665,0.21380365526492287,0.18009585289514868,0.20853593784931815,0.14969679186228485,0.20853593784931815,holdout_2009_2012,2004,2005-2008,2009-2012
2012-12-01,2012,12,0.0030809859154929575,0.45029464,0.19377846,0.1608846073468705,6816,isotonic,0.19377846,0.13047032193158953,0.164695813771518,0.15340655041359266,0.1957844287949922,0.15340655041359266,holdout_2009_2012,2004,2005-2008,2009-2012
2013-01-01,2013,1,0.25029342723004694,0.17854619,0.03276465,0.07144877231960786,6816,isotonic,0.03276465,0.08845967964650649,0.15218755059090172,0.11686787391012743,0.151310641627543,0.11686787391012743,holdout_2013_2016,2008,2009-2012,2013-2016
2013-02-01,2013,2,0.9248826291079812,0.53550404,0.17646429,0.16384235232393649,6816,isotonic,0.17646429,0.11103631593482463,0.18466690950299497,0.09477000894254416,0.032902973395931144,0.09477000894254416,holdout_2013_2016,2008,2009-2012,2013-2016
2013-03-01,2013,3,0.08714788732394366,0.46754405,0.16978776,0.14072912708092689,6816,isotonic,0.16978776,0.26182339132836235,0.18167192812044683,0.21865219092331767,0.22650625978090766,0.21865219092331767,holdout_2013_2016,2008,2009-2012,2013-2016
2013-04-01,2013,4,0.5404929577464789,0.45546564,0.16475429,0.13742483714456144,6816,isotonic,0.16475429,0.20058340237503453,0.16054010846689332,0.18485915492957747,0.18152386541471047,0.18485915492957747,holdout_2013_2016,2008,2009-2012,2013-2016
2013-05-01,2013,5,0.15360915492957747,0.349601,0.13333409,0.10801749201318099,6816,isotonic,0.13333409,0.1685480530240265,0.16012020398251578,0.1775304605410239,0.19299687010954614,0.1775304605410239,holdout_2013_2016,2008,2009-2012,2013-2016
2013-06-01,2013,6,0.019219483568075117,0.32883146,0.117868684,0.1025203654555752,6816,isotonic,0.117868684,0.11212372272852802,0.1071312935081755,0.10777162977867202,0.11424100156494524,0.10777162977867202,holdout_2013_2016,2008,2009-2012,2013-2016
2013-07-01,2013,7,0.0,0.26192784,0.08681155,0.08796479144299216,6816,isotonic,0.08681155,0.0164400756390193,0.01050469483568075,0.013831092616303881,0.0014084507042253522,0.013831092616303881,holdout_2013_2016,2008,2009-2012,2013-2016
2013-08-01,2013,8,0.014382154388024655,0.28254774,0.10101744,0.09230252954607822,6814,isotonic,0.10101744,0.08443400841404951,0.05746991488112709,0.07435894014995864,0.02332452793268761,0.07435894014995864,holdout_2013_2016,2008,2009-2012,2013-2016
2013-09-01,2013,9,0.0,0.17964807,0.046770588,0.07196731413050468,6814,isotonic,0.046770588,0.07990085771124808,0.0648175325310635,0.07437895242415349,0.0401037080520497,0.07437895242415349,holdout_2013_2016,2008,2009-2012,2013-2016
2013-10-01,2013,10,0.42530085118872907,0.19402358,0.041320022,0.07421354081795824,6814,isotonic,0.041320022,0.17138733979062715,0.1919577340769005,0.1437948608479868,0.13879268173368559,0.1437948608479868,holdout_2013_2016,2008,2009-2012,2013-2016
2013-11-01,2013,11,0.2296068075117371,0.250954,0.09018543,0.0851773058498059,6816,isotonic,0.09018543,0.20971896191966616,0.18009585289514868,0.19909704438753736,0.14975547730829422,0.19909704438753736,holdout_2013_2016,2008,2009-2012,2013-2016
2013-12-01,2013,12,0.8029636150234741,0.20135207,0.050290182,0.0755422419742953,6816,isotonic,0.050290182,0.12917318727177882,0.164695813771518,0.14657357020913359,0.19598982785602506,0.14657357020913359,holdout_2013_2016,2008,2009-2012,2013-2016
2014-01-01,2014,1,0.7027582159624414,0.26265547,0.08922876,0.08841382526933257,6816,isotonic,0.08922876,0.08845967964650649,0.15218755059090172,0.1229326717883056,0.16799687010954614,0.1229326717883056,holdout_2013_2016,2008,2009-2012,2013-2016
2014-02-01,2014,2,0.0,0.43598747,0.16354762,0.13121283531495787,6816,isotonic,0.16354762,0.11103631593482463,0.18466690950299497,0.13250240076824585,0.09456181533646323,0.13250240076824585,holdout_2013_2016,2008,2009-2012,2013-2016
2014-03-01,2014,3,0.0,0.3408884,0.12479774,0.10552726402355322,6816,isotonic,0.12479774,0.26182339132836235,0.18167192812044683,0.21267472257789158,0.23224765258215962,0.21267472257789158,holdout_2013_2016,2008,2009-2012,2013-2016
2014-04-01,2014,4,0.05707159624413145,0.32384923,0.12179539,0.10160504940669618,6816,isotonic,0.12179539,0.20058340237503453,0.16054010846689332,0.20102432778489118,0.21320422535211267,0.20102432778489118,holdout_2013_2016,2008,2009-2012,2013-2016
2014-05-01,2014,5,0.40096830985915494,0.26821402,0.098380305,0.08872880828999742,6816,isotonic,0.098380305,0.1685480530240265,0.16012020398251578,0.17644312846777635,0.20172143974960877,0.17644312846777635,holdout_2013_2016,2008,2009-2012,2013-2016
2014-06-01,2014,6,0.14524647887323944,0.21030019,0.062317535,0.07735708970045305,6816,isotonic,0.062317535,0.11212372272852802,0.1071312935081755,0.10374653222364488,0.11419209702660407,0.10374653222364488,holdout_2013_2016,2008,2009-2012,2013-2016
2014-07-01,2014,7,0.0,0.1821896,0.051099192,0.07231299117260118,6816,isotonic,0.051099192,0.0164400756390193,0.01050469483568075,0.013229740763421104,0.0013204225352112674,0.013229740763421104,holdout_2013_2016,2008,2009-2012,2013-2016
2014-08-01,2014,8,0.0,0.24738677,0.068335004,0.08523038089764132,6814,isotonic,0.068335004,0.08443400841404951,0.05746991488112709,0.07175125381248326,0.020663340181978282,0.07175125381248326,holdout_2013_2016,2008,2009-2012,2013-2016
2014-09-01,2014,9,0.00044027003228646906,0.20622183,0.06741754,0.07643575753399588,6814,isotonic,0.06741754,0.07990085771124808,0.0648175325310635,0.07114508492745117,0.0394971137853439,0.07114508492745117,holdout_2013_2016,2008,2009-2012,2013-2016
2014-10-01,2014,10,0.1780158497211623,0.27048212,0.100117676,0.08908516869542595,6814,isotonic,0.100117676,0.17138733979062715,0.1919577340769005,0.1560342517323669,0.16404461402993836,0.1560342517323669,holdout_2013_2016,2008,2009-2012,2013-2016
2014-11-01,2014,11,0.00014671361502347418,0.15588155,0.030379118,0.06770268094376661,6816,isotonic,0.030379118,0.20971896191966616,0.18009585289514868,0.20042355582771995,0.1646909233176839,0.20042355582771995,holdout_2013_2016,2008,2009-2012,2013-2016
2014-12-01,2014,12,0.0,0.16255856,0.03212904,0.06878533387316423,6816,isotonic,0.03212904,0.12917318727177882,0.164695813771518,0.17511226780975708,0.2210093896713615,0.17511226780975708,holdout_2013_2016,2008,2009-2012,2013-2016
2015-01-01,2015,1,0.9421948356807511,0.14670765,0.03136542,0.06617329134999642,6816,isotonic,0.03136542,0.08845967964650649,0.15218755059090172,0.14814247805674627,0.21477895148669796,0.14814247805674627,holdout_2013_2016,2008,2009-2012,2013-2016
2015-02-01,2015,2,0.08538732394366197,0.11252115,0.0065000397,0.06086861430127457,6816,isotonic,0.0065000397,0.11103631593482463,0.18466690950299497,0.12674142682180037,0.09454225352112676,0.12674142682180037,holdout_2013_2016,2008,2009-2012,2013-2016
2015-03-01,2015,3,0.45936032863849763,0.24934448,0.08028999,0.0859479110738008,6816,isotonic,0.08028999,0.26182339132836235,0.18167192812044683,0.2034279955092876,0.22883411580594676,0.2034279955092876,holdout_2013_2016,2008,2009-2012,2013-2016
2015-04-01,2015,4,0.0022007042253521128,0.1927179,0.04382308,0.07401449177644452,6816,isotonic,0.04382308,0.20058340237503453,0.16054010846689332,0.19476551337007553,0.20223004694835683,0.19476551337007553,holdout_2013_2016,2008,2009-2012,2013-2016
2015-05-01,2015,5,0.1141431924882629,0.11020045,0.0013804372,0.06051150672571538,6816,isotonic,0.0013804372,0.1685480530240265,0.16012020398251578,0.18620509287609713,0.21313575899843507,0.18620509287609713,holdout_2013_2016,2008,2009-2012,2013-2016
2015-06-01,2015,6,0.015551643192488264,0.12431253,0.0165241,0.06265888211334211,6816,isotonic,0.0165241,0.11212372272852802,0.1071312935081755,0.105550877730149,0.11787949921752737,0.105550877730149,holdout_2013_2016,2008,2009-2012,2013-2016
2015-07-01,2015,7,0.0,0.5500248,0.17849794,0.16883809217107462,6816,isotonic,0.17849794,0.0164400756390193,0.01050469483568075,0.012678501564945224,0.0011541471048513302,0.012678501564945224,holdout_2013_2016,2008,2009-2012,2013-2016
2015-08-01,2015,8,0.0,0.4243691,0.16143632,0.12793046592592605,6814,isotonic,0.16143632,0.08443400841404951,0.05746991488112709,0.06876161823696311,0.0205948537325115,0.06876161823696311,holdout_2013_2016,2008,2009-2012,2013-2016
2015-09-01,2015,9,0.0013208100968594072,0.23613025,0.08592989,0.08226512766542367,6814,isotonic,0.08592989,0.07990085771124808,0.0648175325310635,0.06819905097348596,0.03376381958712454,0.06819905097348596,holdout_2013_2016,2008,2009-2012,2013-2016
2015-10-01,2015,10,0.000146756677428823,0.3490316,0.12476774,0.10715656136453151,6814,isotonic,0.12476774,0.17138733979062715,0.1919577340769005,0.15695015164856665,0.16183348009001072,0.15695015164856665,holdout_2013_2016,2008,2009-2012,2013-2016
2015-11-01,2015,11,0.04445422535211268,0.064261846,4.8512074e-06,0.054057721346011015,6816,isotonic,4.8512074e-06,0.20971896191966616,0.18009585289514868,0.19207868740219092,0.1567683881064163,0.19207868740219092,holdout_2013_2016,2008,2009-2012,2013-2016
2015-12-01,2015,12,0.0,0.04046329,0.0,0.05097165631457596,6816,isotonic,0.0,0.12917318727177882,0.164695813771518,0.1678159233176839,0.1651897496087637,0.1678159233176839,holdout_2013_2016,2008,2009-2012,2013-2016
2016-01-01,2016,1,0.0,0.06571799,0.0,0.05425101124515176,6816,isotonic,0.0,0.08845967964650649,0.15218755059090172,0.1812279929577465,0.2775919405320814,0.1812279929577465,holdout_2013_2016,2008,2009-2012,2013-2016
2016-02-01,2016,2,0.4046361502347418,0.043446656,0.0,0.051348046934503906,6816,isotonic,0.0,0.11103631593482463,0.18466690950299497,0.12501833920187794,0.10023474178403756,0.12501833920187794,holdout_2013_2016,2008,2009-2012,2013-2016
2016-03-01,2016,3,0.0,0.049793866,0.0,0.05216349947062782,6816,isotonic,0.0,0.26182339132836235,0.18167192812044683,0.21409184272300466,0.23098591549295774,0.21409184272300466,holdout_2013_2016,2008,2009-2012,2013-2016
2016-04-01,2016,4,0.08333333333333333,0.091587916,1.4918398e-05,0.05781346513890959,6816,isotonic,1.4918398e-05,0.20058340237503453,0.16054010846689332,0.18674197965571204,0.2023767605633803,0.18674197965571204,holdout_2013_2016,2008,2009-2012,2013-2016
2016-05-01,2016,5,0.0008802816901408451,0.6565939,0.1923261,0.21181700632954273,6816,isotonic,0.1923261,0.1685480530240265,0.16012020398251578,0.18320251369327076,0.22023669796557124,0.18320251369327076,holdout_2013_2016,2008,2009-2012,2013-2016
2016-06-01,2016,6,0.17165492957746478,0.18161887,0.03731885,0.07207235066329008,6816,isotonic,0.03731885,0.11212372272852802,0.1071312935081755,0.10180090962441314,0.11864241001564944,0.10180090962441314,holdout_2013_2016,2008,2009-2012,2013-2016
2016-07-01,2016,7,0.0035211267605633804,0.21515267,0.06623393,0.07812577501021535,6816,isotonic,0.06623393,0.0164400756390193,0.01050469483568075,0.012171361502347416,0.0009683098591549296,0.012171361502347416,holdout_2013_2016,2008,2009-2012,2013-2016
2016-08-01,2016,8,0.0008805400645729381,0.19010627,0.039995044,0.07353827938012097,6814,isotonic,0.039995044,0.08443400841404951,0.05746991488112709,0.06601115350748459,0.020448097055082673,0.06601115350748459,holdout_2013_2016,2008,2009-2012,2013-2016
2016-09-01,2016,9,0.07469914881127092,0.23772115,0.08726665,0.08250833041537077,6814,isotonic,0.08726665,0.07990085771124808,0.0648175325310635,0.06552392133842089,0.03323549554838078,0.06552392133842089,holdout_2013_2016,2008,2009-2012,2013-2016
2016-10-01,2016,10,0.0,0.2612216,0.09377676,0.0872696179185159,6814,isotonic,0.09377676,0.17138733979062715,0.1919577340769005,0.15067801584972115,0.16172585852656293,0.15067801584972115,holdout_2013_2016,2008,2009-2012,2013-2016
2016-11-01,2016,11,0.07790492957746478,0.5574002,0.1830393,0.17150613297754588,6816,isotonic,0.1830393,0.20971896191966616,0.18009585289514868,0.1861737089201878,0.11781103286384975,0.1861737089201878,holdout_2013_2016,2008,2009-2012,2013-2016
2016-12-01,2016,12,0.018192488262910797,0.47994033,0.17032124,0.14455272239410788,6816,isotonic,0.17032124,0.12917318727177882,0.164695813771518,0.16110328638497656,0.14673317683881063,0.16110328638497656,holdout_2013_2016,2008,2009-2012,2013-2016
2017-01-01,2017,1,0.0,0.15380742,0.1421671,0.1436265643938215,6816,isotonic,0.1421671,0.11686787391012743,0.15218755059090172,0.17397887323943664,0.2775919405320814,0.17397887323943664,holdout_2017_2020,2012,2013-2016,2017-2020
2017-02-01,2017,2,0.0,0.48088476,0.1610064,0.1908282265364113,6816,isotonic,0.1610064,0.09477000894254416,0.18466690950299497,0.1362030516431925,0.12553794992175274,0.1362030516431925,holdout_2017_2020,2012,2013-2016,2017-2020
2017-03-01,2017,3,0.03711854460093897,0.60130167,0.41632885,0.21091568585891912,6816,isotonic,0.41632885,0.2186521909233177,0.18167192812044683,0.2055281690140845,0.23098591549295774,0.2055281690140845,holdout_2017_2020,2012,2013-2016,2017-2020
2017-04-01,2017,4,0.0,0.44355664,0.14736238,0.1848616841737266,6816,isotonic,0.14736238,0.18485915492957747,0.16054010846689332,0.18260563380281689,0.20687597809076685,0.18260563380281689,holdout_2017_2020,2012,2013-2016,2017-2020
2017-05-01,2017,5,0.18882042253521128,0.3428769,0.1421671,0.1695686003753039,6816,isotonic,0.1421671,0.17753046054102392,0.16012020398251578,0.17590962441314556,0.19540297339593116,0.17590962441314556,holdout_2017_2020,2012,2013-2016,2017-2020
2017-06-01,2017,6,0.009976525821596244,0.09311139,0.14210853,0.13600071623639653,6816,isotonic,0.14210853,0.10777162977867204,0.1071312935081755,0.10459507042253521,0.1243544600938967,0.10459507042253521,holdout_2017_2020,2012,2013-2016,2017-2020
2017-07-01,2017,7,0.0038145539906103286,0.10496198,0.14207557,0.13747375317231275,6816,isotonic,0.14207557,0.013831092616303884,0.01050469483568075,0.011838660166124951,0.0012030516431924883,0.011838660166124951,holdout_2017_2020,2012,2013-2016,2017-2020
2017-08-01,2017,8,0.000293513354857646,0.16541468,0.1421671,0.14516867522160623,6814,isotonic,0.1421671,0.07435894014995864,0.05746991488112709,0.06350612991352644,0.01887290871734664,0.06350612991352644,holdout_2017_2020,2012,2013-2016,2017-2020
2017-09-01,2017,9,0.0,0.24579981,0.1421671,0.15594391875740862,6814,isotonic,0.1421671,0.07437895242415347,0.0648175325310635,0.06587681470276127,0.03814695235299873,0.06587681470276127,holdout_2017_2020,2012,2013-2016,2017-2020
2017-10-01,2017,10,0.4248605811564426,0.2901347,0.1421671,0.16199990666155095,6814,isotonic,0.1421671,0.14379486084798676,0.1919577340769005,0.1448827075478088,0.16172585852656293,0.1448827075478088,holdout_2017_2020,2012,2013-2016,2017-2020
2017-11-01,2017,11,0.009242957746478873,0.3520124,0.1421671,0.17098306715420303,6816,isotonic,0.1421671,0.19909704438753734,0.18009585289514868,0.18200952509931384,0.12300469483568074,0.18200952509931384,holdout_2017_2020,2012,2013-2016,2017-2020
2017-12-01,2017,12,0.8220363849765259,0.29630914,0.1421671,0.1629392424481162,6816,isotonic,0.1421671,0.14657357020913359,0.164695813771518,0.15560671722643557,0.14794600938967137,0.15560671722643557,holdout_2017_2020,2012,2013-2016,2017-2020
2018-01-01,2018,1,0.0,0.32635283,0.1421671,0.16737033673954071,6816,isotonic,0.1421671,0.11686787391012743,0.15218755059090172,0.16728737811484293,0.2772985133020345,0.16728737811484293,holdout_2017_2020,2012,2013-2016,2017-2020
2018-02-01,2018,2,0.977112676056338,0.2314731,0.1421671,0.15386041484256033,6816,isotonic,0.1421671,0.09477000894254416,0.18466690950299497,0.13096447273383893,0.1038047730829421,0.13096447273383893,holdout_2017_2020,2012,2013-2016,2017-2020
2018-03-01,2018,3,0.0,0.18037009,0.1421671,0.14721829978633744,6816,isotonic,0.1421671,0.2186521909233177,0.18167192812044683,0.19905087576742503,0.22926447574334893,0.19905087576742503,holdout_2017_2020,2012,2013-2016,2017-2020
2018-04-01,2018,4,0.0005868544600938967,0.42701688,0.14246991,0.1823209394525745,6816,isotonic,0.14246991,0.18485915492957747,0.16054010846689332,0.17558234019501623,0.19135367762128327,0.17558234019501623,holdout_2017_2020,2012,2013-2016,2017-2020
2018-05-01,2018,5,0.023620892018779344,0.23003963,0.1421671,0.15377809357916222,6816,isotonic,0.1421671,0.17753046054102392,0.16012020398251578,0.17640619357168655,0.19343701095461663,0.17640619357168655,holdout_2017_2020,2012,2013-2016,2017-2020
2018-06-01,2018,6,0.4369131455399061,0.26259863,0.1421671,0.158159094453306,6816,isotonic,0.1421671,0.10777162977867204,0.1071312935081755,0.1009558956301914,0.10876369327073551,0.1009558956301914,holdout_2017_2020,2012,2013-2016,2017-2020
2018-07-01,2018,7,0.0019072769953051643,0.115054674,0.14193143,0.13876701819306675,6816,isotonic,0.14193143,0.013831092616303884,0.01050469483568075,0.011541471048513299,0.00145735524256651,0.011541471048513299,holdout_2017_2020,2012,2013-2016,2017-2020
2018-08-01,2018,8,0.056648077487525685,0.15390344,0.1421671,0.14377185486960004,6814,isotonic,0.1421671,0.07435894014995864,0.05746991488112709,0.061164921892835004,0.01620193718814206,0.061164921892835004,holdout_2017_2020,2012,2013-2016,2017-2020
2018-09-01,2018,9,0.13208100968594072,0.16101171,0.1421671,0.14466412231736098,6814,isotonic,0.1421671,0.07437895242415347,0.0648175325310635,0.06343693267673307,0.034478035417278154,0.06343693267673307,holdout_2017_2020,2012,2013-2016,2017-2020
2018-10-01,2018,10,0.10801291458761374,0.09809454,0.14175928,0.13664469557465825,6814,isotonic,0.14175928,0.14379486084798676,0.1919577340769005,0.15525225842220264,0.14567067801584974,0.15525225842220264,holdout_2017_2020,2012,2013-2016,2017-2020
2018-11-01,2018,11,0.0,0.4259553,0.19469665,0.18250952102479057,6816,isotonic,0.19469665,0.19909704438753734,0.18009585289514868,0.17561076334550516,0.12362089201877932,0.17561076334550516,holdout_2017_2020,2012,2013-2016,2017-2020
2018-12-01,2018,12,0.0,0.2509405,0.1421671,0.15686792635574803,6816,isotonic,0.1421671,0.14657357020913359,0.164695813771518,0.18028929751347597,0.2027484350547731,0.18028929751347597,holdout_2017_2020,2012,2013-2016,2017-2020
2019-01-01,2019,1,0.0,0.72450227,0.48662207,0.2330756255056251,6816,isotonic,0.48662207,0.11686787391012743,0.15218755059090172,0.16109154929577466,0.2570031298904538,0.16109154929577466,holdout_2017_2020,2012,2013-2016,2017-2020
2019-02-01,2019,2,0.0,0.0879264,0.1421671,0.13536877889539264,6816,isotonic,0.1421671,0.09477000894254416,0.18466690950299497,0.16230329507911667,0.1689358372456964,0.16230329507911667,holdout_2017_2020,2012,2013-2016,2017-2020
2019-03-01,2019,3,0.00029342723004694836,0.07652011,0.1416301,0.13398186085039948,6816,isotonic,0.1416301,0.2186521909233177,0.18167192812044683,0.19167862110937225,0.22672143974960873,0.19167862110937225,holdout_2017_2020,2012,2013-2016,2017-2020
2019-04-01,2019,4,0.010269953051643193,0.098860264,0.1421671,0.13670355537478118,6816,isotonic,0.1421671,0.18485915492957747,0.16054010846689332,0.16910102590853762,0.18975938967136152,0.16910102590853762,holdout_2017_2020,2012,2013-2016,2017-2020
2019-05-01,2019,5,0.0,0.11261766,0.1421671,0.13841104370795226,6816,isotonic,0.1421671,0.17753046054102392,0.16012020398251578,0.17074747869935664,0.19237089201877935,0.17074747869935664,holdout_2017_2020,2012,2013-2016,2017-2020
2019-06-01,2019,6,0.02142018779342723,0.11754683,0.1421671,0.13902040848329097,6816,isotonic,0.1421671,0.10777162977867204,0.1071312935081755,0.11339875673795861,0.11954225352112677,0.11339875673795861,holdout_2017_2020,2012,2013-2016,2017-2020
2019-07-01,2019,7,0.001613849765258216,0.07391751,0.13879481,0.13366876254713853,6816,isotonic,0.13879481,0.013831092616303884,0.01050469483568075,0.011197392689470152,0.0015845070422535212,0.011197392689470152,holdout_2017_2020,2012,2013-2016,2017-2020
2019-08-01,2019,8,0.01599647783974171,0.16924633,0.1421671,0.14562171385630154,6814,isotonic,0.1421671,0.07435894014995864,0.05746991488112709,0.061003606021216815,0.01960669210449075,0.061003606021216815,holdout_2017_2020,2012,2013-2016,2017-2020
2019-09-01,2019,9,0.006604050484297036,0.17001632,0.1421671,0.14580921573702743,6814,isotonic,0.1421671,0.07437895242415347,0.0648175325310635,0.06588850685563334,0.04298992270814989,0.06588850685563334,holdout_2017_2020,2012,2013-2016,2017-2020
2019-10-01,2019,10,0.7136777223363663,0.22633788,0.1421671,0.15319360489788705,6814,isotonic,0.1421671,0.14379486084798676,0.1919577340769005,0.15356513899953875,0.10339497113785344,0.15356513899953875,holdout_2017_2020,2012,2013-2016,2017-2020
2019-11-01,2019,11,0.3277582159624413,0.1183745,0.14206782,0.13916286859125065,6816,isotonic,0.14206782,0.19909704438753734,0.18009585289514868,0.16933895036887997,0.12362089201877934,0.16933895036887997,holdout_2017_2020,2012,2013-2016,2017-2020
2019-12-01,2019,12,0.0,0.07225524,0.13725245,0.13347046896087042,6816,isotonic,0.13725245,0.14657357020913359,0.164695813771518,0.1738503940308518,0.2027484350547731,0.1738503940308518,holdout_2017_2020,2012,2013-2016,2017-2020
2020-01-01,2020,1,0.06396713615023474,0.077312574,0.14122948,0.1340788325964274,6816,isotonic,0.14122948,0.11686787391012743,0.15218755059090172,0.15533827967806843,0.2569737871674491,0.15533827967806843,holdout_2017_2020,2012,2013-2016,2017-2020
2020-02-01,2020,2,0.9731514084507042,0.07326316,0.1395473,0.13359366801040795,6816,isotonic,0.1395473,0.09477000894254416,0.18466690950299497,0.15650674882629106,0.1689358372456964,0.15650674882629106,holdout_2017_2020,2012,2013-2016,2017-2020
2020-03-01,2020,3,0.09286971830985916,0.13734369,0.1421671,0.14153105126984522,6816,isotonic,0.1421671,0.2186521909233177,0.18167192812044683,0.18484343561368208,0.16800665101721438,0.18484343561368208,holdout_2017_2020,2012,2013-2016,2017-2020
2020-04-01,2020,4,0.07966549295774648,0.2244991,0.1421671,0.15292585739470443,6816,isotonic,0.1421671,0.18485915492957747,0.16054010846689332,0.16342848759221998,0.13395931142410017,0.16342848759221998,holdout_2017_2020,2012,2013-2016,2017-2020
2020-05-01,2020,5,0.03330399061032864,0.14217356,0.1421671,0.14215056198627288,6816,isotonic,0.1421671,0.17753046054102392,0.16012020398251578,0.1646493544600939,0.1785406885758999,0.1646493544600939,holdout_2017_2020,2012,2013-2016,2017-2020
2020-06-01,2020,6,0.023620892018779344,0.2658021,0.1421671,0.15891402389924297,6816,isotonic,0.1421671,0.10777162977867204,0.1071312935081755,0.11011380784708248,0.11582550860719874,0.11011380784708248,holdout_2017_2020,2012,2013-2016,2017-2020
2020-07-01,2020,7,0.0,0.14579247,0.14207181,0.14263704189935905,6816,isotonic,0.14207181,0.013831092616303884,0.01050469483568075,0.010866925692083532,0.0016920970266040688,0.010866925692083532,holdout_2017_2020,2012,2013-2016,2017-2020
2020-08-01,2020,8,0.0,0.3287027,0.14435443,0.16797763166127055,6814,isotonic,0.14435443,0.07435894014995864,0.05746991488112709,0.05945163608392457,0.02067312396047354,0.05945163608392457,holdout_2017_2020,2012,2013-2016,2017-2020
2020-09-01,2020,9,0.09304373348987378,0.24422824,0.1421671,0.15571037785091812,6814,isotonic,0.1421671,0.07437895242415347,0.0648175325310635,0.06384421525662175,0.042618139125330204,0.06384421525662175,holdout_2017_2020,2012,2013-2016,2017-2020
2020-10-01,2020,10,0.7452304079835632,0.67247593,0.4804381,0.22358313699512405,6814,isotonic,0.4804381,0.14379486084798676,0.1919577340769005,0.1728793660111535,0.15097348596027785,0.1728793660111535,holdout_2017_2020,2012,2013-2016,2017-2020
2020-11-01,2020,11,0.3336267605633803,0.5324408,0.28031155,0.1993819644946824,6816,isotonic,0.28031155,0.19909704438753734,0.18009585289514868,0.17480168366520965,0.1383998435054773,0.17480168366520965,holdout_2017_2020,2012,2013-2016,2017-2020
2020-12-01,2020,12,0.07306338028169014,0.6292041,0.40664122,0.21612182963599014,6816,isotonic,0.40664122,0.14657357020913359,0.164695813771518,0.16785555285737416,0.2027484350547731,0.16785555285737416,holdout_2017_2020,2012,2013-2016,2017-2020
2021-01-01,2021,1,0.0029342723004694834,0.14827363,0.14972615,0.1179565319784211,6816,isotonic,0.14972615,0.17397887323943662,0.15218755059090172,0.15218755059090175,0.26048513302034426,0.15218755059090175,canonical_2021_2026,2016,2017-2020,2021-2026
2021-02-01,2021,2,0.4552523474178404,0.14098026,0.14299062,0.11667193687259934,6816,isotonic,0.14299062,0.1362030516431925,0.18466690950299497,0.18466690950299497,0.23381259780907668,0.18466690950299497,canonical_2021_2026,2016,2017-2020,2021-2026
2021-03-01,2021,3,0.20862676056338028,0.2615806,0.15310724,0.14018009607832416,6816,isotonic,0.15310724,0.2055281690140845,0.18167192812044683,0.1816719281204468,0.17393388106416274,0.1816719281204468,canonical_2021_2026,2016,2017-2020,2021-2026
2021-04-01,2021,4,0.8428697183098591,0.49193904,0.2171716,0.19479492836542933,6816,isotonic,0.2171716,0.1826056338028169,0.16054010846689332,0.1605401084668933,0.13859546165884193,0.1605401084668933,canonical_2021_2026,2016,2017-2020,2021-2026
2021-05-01,2021,5,0.45129107981220656,0.47774822,0.21503356,0.19091657302244489,6816,isotonic,0.21503356,0.17590962441314553,0.16012020398251578,0.16012020398251578,0.18076095461658845,0.16012020398251578,canonical_2021_2026,2016,2017-2020,2021-2026
2021-06-01,2021,6,0.3528462441314554,0.2698709,0.15489413,0.14201104436398748,6816,isotonic,0.15489413,0.10459507042253521,0.1071312935081755,0.10713129350817549,0.1130281690140845,0.10713129350817549,canonical_2021_2026,2016,2017-2020,2021-2026
2021-07-01,2021,7,0.0013204225352112676,0.1537567,0.1335009,0.1190957790356516,6816,isotonic,0.1335009,0.011838660166124955,0.01050469483568075,0.010504694835680749,0.0015160406885759,0.010504694835680749,canonical_2021_2026,2016,2017-2020,2021-2026
2021-08-01,2021,8,0.055474024068095096,0.082623854,0.041624088,0.10691201094988756,6814,isotonic,0.041624088,0.06350612991352644,0.05746991488112709,0.057469914881127085,0.020526367283044713,0.057469914881127085,canonical_2021_2026,2016,2017-2020,2021-2026
2021-09-01,2021,9,0.02597593190490167,0.1386626,0.089469396,0.11674429605083345,6814,isotonic,0.089469396,0.06587681470276129,0.0648175325310635,0.06481753253106348,0.04881127091282654,0.06481753253106348,canonical_2021_2026,2016,2017-2020,2021-2026
2021-10-01,2021,10,0.0,0.06974803,0.008651853,0.10460205865318234,6814,isotonic,0.008651853,0.1448827075478088,0.1919577340769005,0.1919577340769005,0.19702573133744253,0.1919577340769005,canonical_2021_2026,2016,2017-2020,2021-2026
2021-11-01,2021,11,0.08832159624413145,0.4622302,0.20657285,0.18696957445606288,6816,isotonic,0.20657285,0.18200952509931384,0.18009585289514868,0.18009585289514868,0.156122848200313,0.18009585289514868,canonical_2021_2026,2016,2017-2020,2021-2026
2021-12-01,2021,12,0.0,0.45529884,0.20843868,0.18494928570069122,6816,isotonic,0.20843868,0.15560671722643554,0.164695813771518,0.16469581377151804,0.20761932707355246,0.16469581377151804,canonical_2021_2026,2016,2017-2020,2021-2026
2022-01-01,2022,1,0.9843016431924883,0.09428527,0.041098036,0.1086091284882054,6816,isotonic,0.041098036,0.17397887323943662,0.15218755059090172,0.147212441314554,0.2606807511737089,0.147212441314554,canonical_2021_2026,2016,2017-2020,2021-2026
2022-02-01,2022,2,0.9765258215962441,0.19807386,0.1530644,0.12720525856353335,6816,isotonic,0.1530644,0.1362030516431925,0.18466690950299497,0.19368642410015646,0.2640942879499218,0.19368642410015646,canonical_2021_2026,2016,2017-2020,2021-2026
2022-03-01,2022,3,0.5133509389671361,0.27411026,0.1537158,0.1426854222600866,6816,isotonic,0.1537158,0.2055281690140845,0.18167192812044683,0.18257042253521125,0.1878423317683881,0.18257042253521125,canonical_2021_2026,2016,2017-2020,2021-2026
2022-04-01,2022,4,0.2935739436619718,0.4520091,0.20239714,0.18442136434293882,6816,isotonic,0.20239714,0.1826056338028169,0.16054010846689332,0.18328442879499213,0.1947769953051643,0.18328442879499213,canonical_2021_2026,2016,2017-2020,2021-2026
2022-05-01,2022,5,0.562206572769953,0.52125484,0.222905,0.20289856805214176,6816,isotonic,0.222905,0.17590962441314553,0.16012020398251578,0.1698258998435055,0.21048513302034433,0.1698258998435055,canonical_2021_2026,2016,2017-2020,2021-2026
2022-06-01,2022,6,0.013791079812206572,0.31910422,0.16401702,0.1530995873586147,6816,isotonic,0.16401702,0.10459507042253521,0.1071312935081755,0.11532179186228482,0.1335387323943662,0.11532179186228482,canonical_2021_2026,2016,2017-2020,2021-2026
2022-07-01,2022,7,0.0036678403755868545,0.15746923,0.1267637,0.11988399054799787,6816,isotonic,0.1267637,0.011838660166124955,0.01050469483568075,0.010208427987278506,0.0016040688575899844,0.005051838810641628,canonical_2021_2026,2016,2017-2020,2021-2026
2022-08-01,2022,8,0.000146756677428823,0.09124958,0.03288243,0.10846011721622391,6814,isotonic,0.03288243,0.06350612991352644,0.05746991488112709,0.05740553130651315,0.021494961354074946,0.045900596810488206,canonical_2021_2026,2016,2017-2020,2021-2026
2022-09-01,2022,9,0.0007337833871441151,0.095543094,0.05744552,0.10895102666149235,6814,isotonic,0.05744552,0.06587681470276129,0.0648175325310635,0.06356457767215504,0.04581743469327855,0.04661970452988944,canonical_2021_2026,2016,2017-2020,2021-2026
2022-10-01,2022,10,0.46521866744936896,0.39255065,0.17390078,0.16936993116991497,6814,isotonic,0.17390078,0.1448827075478088,0.1919577340769005,0.18576554910667792,0.17903336268466882,0.18998630271010666,canonical_2021_2026,2016,2017-2020,2021-2026
2022-11-01,2022,11,0.07115610328638497,0.524862,0.21710232,0.20395279570581182,6816,isotonic,0.21710232,0.18200952509931384,0.18009585289514868,0.17713539300318035,0.15972222222222224,0.16631944444444444,canonical_2021_2026,2016,2017-2020,2021-2026
2022-12-01,2022,12,0.0,0.56122315,0.22102287,0.21447982695691456,6816,isotonic,0.22102287,0.15560671722643554,0.164695813771518,0.15938304558534003,0.20761932707355246,0.1646909233176839,canonical_2021_2026,2016,2017-2020,2021-2026
2023-01-01,2023,1,0.0,0.09674515,0.047075994,0.10901316489479684,6816,isotonic,0.047075994,0.17397887323943662,0.15218755059090172,0.17421531879448734,0.2597906885758998,0.1766725352112676,canonical_2021_2026,2016,2017-2020,2021-2026
2023-02-01,2023,2,0.0033744131455399062,0.081260845,0.019861089,0.10647297600538594,6816,isotonic,0.019861089,0.1362030516431925,0.18466690950299497,0.21893930789035285,0.3291960093896714,0.22623728482003128,canonical_2021_2026,2016,2017-2020,2021-2026
2023-03-01,2023,3,0.0,0.23199189,0.15312225,0.13393661839953597,6816,isotonic,0.15312225,0.2055281690140845,0.18167192812044683,0.19324076177495075,0.16483763693270737,0.19916373239436616,canonical_2021_2026,2016,2017-2020,2021-2026
2023-04-01,2023,4,0.7362089201877934,0.5447025,0.22326498,0.20925254824121714,6816,isotonic,0.22326498,0.1826056338028169,0.16054010846689332,0.18684215508102375,0.21433881064162755,0.17965571205007821,canonical_2021_2026,2016,2017-2020,2021-2026
2023-05-01,2023,5,0.17077464788732394,0.38710773,0.1767073,0.16813513879278114,6816,isotonic,0.1767073,0.17590962441314553,0.16012020398251578,0.18248334090564897,0.21481807511737086,0.17188967136150232,canonical_2021_2026,2016,2017-2020,2021-2026
2023-06-01,2023,6,0.00044014084507042255,0.1675861,0.15251553,0.12150674482237532,6816,isotonic,0.15251553,0.10459507042253521,0.1071312935081755,0.11204660760260488,0.13278560250391236,0.11564456181533646,canonical_2021_2026,2016,2017-2020,2021-2026
2023-07-01,2023,7,0.0019072769953051643,0.085077845,0.03592124,0.10717050862686933,6816,isotonic,0.03592124,0.011838660166124955,0.01050469483568075,0.010004034624413145,0.0018485915492957748,0.001511150234741784,canonical_2021_2026,2016,2017-2020,2021-2026
2023-08-01,2023,8,0.002348106838861168,0.5198595,0.20978244,0.20413742052331213,6814,isotonic,0.20978244,0.06350612991352644,0.05746991488112709,0.05561619459935427,0.019880637902357886,0.045871245475002445,canonical_2021_2026,2016,2017-2020,2021-2026
2023-09-01,2023,9,0.00044027003228646906,0.22500756,0.1429601,0.13304294002794342,6814,isotonic,0.1429601,0.06587681470276129,0.0648175325310635,0.061601115350748456,0.045866353585754825,0.044726543391057624,canonical_2021_2026,2016,2017-2020,2021-2026
2023-10-01,2023,10,0.3068682125036689,0.18560474,0.14856656,0.12507810688244805,6814,isotonic,0.14856656,0.1448827075478088,0.1919577340769005,0.194498459054887,0.2092652382350063,0.20499461892182763,canonical_2021_2026,2016,2017-2020,2021-2026
2023-11-01,2023,11,0.2705399061032864,0.13309422,0.124635816,0.11533328120500276,6816,isotonic,0.124635816,0.18200952509931384,0.18009585289514868,0.17382354019953053,0.11916079812206573,0.14422926447574336,canonical_2021_2026,2016,2017-2020,2021-2026
2023-12-01,2023,12,0.0010269953051643193,0.047285948,0.0020597947,0.1010360517527753,6816,isotonic,0.0020597947,0.15560671722643554,0.164695813771518,0.15440232541079812,0.20440140845070423,0.1639524647887324,canonical_2021_2026,2016,2017-2020,2021-2026
2024-01-01,2024,1,0.0,0.07441758,0.0076686125,0.10534268447745312,6816,isotonic,0.0076686125,0.17397887323943662,0.15218755059090172,0.16877109008215962,0.2597906885758998,0.1766138497652582,canonical_2021_2026,2016,2017-2020,2021-2026
2024-02-01,2024,2,0.0,0.06390404,0.0030375405,0.10365755819307523,6816,isotonic,0.0030375405,0.1362030516431925,0.18466690950299497,0.2122029049295775,0.3268583724569641,0.22619327073552425,canonical_2021_2026,2016,2017-2020,2021-2026
2024-03-01,2024,3,0.03931924882629108,0.052705627,3.9874925e-05,0.1018659096537254,6816,isotonic,3.9874925e-05,0.2055281690140845,0.18167192812044683,0.18720198796948356,0.1026310641627543,0.1991392801251956,canonical_2021_2026,2016,2017-2020,2021-2026
2024-04-01,2024,4,0.24647887323943662,0.6831303,0.29949737,0.251531352263607,6816,isotonic,0.29949737,0.1826056338028169,0.16054010846689332,0.20400986649061031,0.20789319248826293,0.20018094679186224,canonical_2021_2026,2016,2017-2020,2021-2026
2024-05-01,2024,5,0.14128521126760563,0.08106662,0.030713836,0.10648058268640878,6816,isotonic,0.030713836,0.17590962441314553,0.16012020398251578,0.18211744424882628,0.1974960876369327,0.17621283255086073,canonical_2021_2026,2016,2017-2020,2021-2026
2024-06-01,2024,6,0.006602112676056338,0.22613181,0.15327135,0.13301940185969308,6816,isotonic,0.15327135,0.10459507042253521,0.1071312935081755,0.10855890551643194,0.104518779342723,0.1155614241001565,canonical_2021_2026,2016,2017-2020,2021-2026
2024-07-01,2024,7,0.002347417840375587,0.1381785,0.12495588,0.11628082103909114,6816,isotonic,0.12495588,0.011838660166124955,0.01050469483568075,0.009758678332621994,0.001741001564945227,0.0014671361502347417,canonical_2021_2026,2016,2017-2020,2021-2026
2024-08-01,2024,8,0.011740534194305841,0.10088525,0.058270253,0.10977345665266741,6814,isotonic,0.058270253,0.06350612991352644,0.05746991488112709,0.05400201012176357,0.017483612171020447,0.04374327365228451,canonical_2021_2026,2016,2017-2020,2021-2026
2024-09-01,2024,9,0.009098914000587027,0.12555629,0.098224215,0.11407806042772622,6814,isotonic,0.098224215,0.06587681470276129,0.0648175325310635,0.059747756401704155,0.03556403483025144,0.039335681440172195,canonical_2021_2026,2016,2017-2020,2021-2026
2024-10-01,2024,10,0.2938068682125037,0.30398485,0.15439,0.14903351181882146,6814,isotonic,0.15439,0.1448827075478088,0.1919577340769005,0.19790360309878946,0.22972311906858428,0.21470501907836803,canonical_2021_2026,2016,2017-2020,2021-2026
2024-11-01,2024,11,0.0067488262910798125,0.3666541,0.17033821,0.16343103992948105,6816,isotonic,0.17033821,0.18200952509931384,0.18009585289514868,0.176754339166311,0.13719679186228484,0.15194151017214397,canonical_2021_2026,2016,2017-2020,2021-2026
2024-12-01,2024,12,0.0013204225352112676,0.33263546,0.15654153,0.1552291304622618,6816,isotonic,0.15654153,0.15560671722643554,0.164695813771518,0.14975458813486983,0.17445226917057904,0.16337539123630673,canonical_2021_2026,2016,2017-2020,2021-2026
2025-01-01,2025,1,0.9022887323943662,0.43050492,0.19021013,0.1790119491335291,6816,isotonic,0.19021013,0.17397887323943662,0.15218755059090172,0.1636568146251245,0.20998630672926447,0.17387030516431923,canonical_2021_2026,2016,2017-2020,2021-2026
2025-02-01,2025,2,0.0,0.51710397,0.21774602,0.20191551351677364,6816,isotonic,0.21774602,0.1362030516431925,0.18466690950299497,0.20577251387110546,0.3268583724569641,0.2261932707355242,canonical_2021_2026,2016,2017-2020,2021-2026
2025-03-01,2025,3,0.037411971830985914,0.19974373,0.15304635,0.1276326546807045,6816,isotonic,0.15304635,0.2055281690140845,0.18167192812044683,0.18272069284393228,0.10048904538341157,0.1823405712050078,canonical_2021_2026,2016,2017-2020,2021-2026
2025-04-01,2025,4,0.37646713615023475,0.4000448,0.18095401,0.17161903083237773,6816,isotonic,0.18095401,0.1826056338028169,0.16054010846689332,0.20529680608905962,0.20565336463223788,0.20265062597809078,canonical_2021_2026,2016,2017-2020,2021-2026
2025-05-01,2025,5,0.16153169014084506,0.4539628,0.2008551,0.18513430469034795,6816,isotonic,0.2008551,0.17590962441314553,0.16012020398251578,0.18088010385545597,0.20691510172143976,0.18048708920187798,canonical_2021_2026,2016,2017-2020,2021-2026
2025-06-01,2025,6,0.14891431924882628,0.3259774,0.16019928,0.1540764706807132,6816,isotonic,0.16019928,0.10459507042253521,0.1071312935081755,0.10546930573339025,0.10450899843505478,0.10471439749608764,canonical_2021_2026,2016,2017-2020,2021-2026
2025-07-01,2025,7,0.0005868544600938967,0.09621733,0.05949861,0.1090345779637782,6816,isotonic,0.05949861,0.011838660166124955,0.01050469483568075,0.00954070008285004,0.001838810641627543,0.001432902973395931,canonical_2021_2026,2016,2017-2020,2021-2026
2025-08-01,2025,8,0.0,0.11034665,0.08007818,0.1114262230822459,6814,isotonic,0.08007818,0.06350612991352644,0.05746991488112709,0.05275902553566186,0.01825653067214558,0.04092065355640348,canonical_2021_2026,2016,2017-2020,2021-2026
2025-09-01,2025,9,0.0,0.11614715,0.073165596,0.11251996043767534,6814,isotonic,0.073165596,0.06587681470276129,0.0648175325310635,0.05825808456637718,0.03339203600430486,0.03953624889932492,canonical_2021_2026,2016,2017-2020,2021-2026
2025-10-01,2025,10,0.013501614323451717,0.389496,0.17829311,0.1690283513915542,6814,isotonic,0.17829311,0.1448827075478088,0.1919577340769005,0.2007242873668399,0.24931024361608453,0.22387241952842185,canonical_2021_2026,2016,2017-2020,2021-2026
2025-11-01,2025,11,0.023474178403755867,0.25733998,0.15320714,0.13907166489771264,6816,isotonic,0.15320714,0.18200952509931384,0.18009585289514868,0.17175417702292184,0.09748630672926448,0.1521664710485133,canonical_2021_2026,2016,2017-2020,2021-2026
2025-12-01,2025,12,0.0,0.5042541,0.22125679,0.1980210454752666,6816,isotonic,0.22125679,0.15560671722643554,0.164695813771518,0.14538887738193867,0.17454029733959314,0.15528169014084506,canonical_2021_2026,2016,2017-2020,2021-2026
2026-01-01,2026,1,0.05472417840375587,0.06680324,0.010679286,0.10414567134248533,6816,isotonic,0.010679286,0.17397887323943662,0.15218755059090172,0.18538128279480806,0.2701388888888889,0.20394659624413147,canonical_2021_2026,2016,2017-2020,2021-2026
2026-02-01,2026,2,0.0,0.18141231,0.15240806,0.1241690200338505,6816,isotonic,0.15240806,0.1362030516431925,0.18466690950299497,0.19972038111019058,0.3268583724569641,0.19864534428794992,canonical_2021_2026,2016,2017-2020,2021-2026
2026-03-01,2026,3,0.5824530516431925,0.45571613,0.1967335,0.18525854772840772,6816,isotonic,0.1967335,0.2055281690140845,0.18167192812044683,0.1784469069317868,0.09836658841940532,0.18358763693270733,canonical_2021_2026,2016,2017-2020,2021-2026
