time,zone,n_pixels,spi12_mean
1991-01-01,0,3003,
1991-02-01,0,3003,
1991-03-01,0,3003,
1991-04-01,0,3003,
1991-05-01,0,3003,
1991-06-01,0,3003,
1991-07-01,0,3003,
1991-08-01,0,3003,
1991-09-01,0,3003,
1991-10-01,0,3003,
1991-11-01,0,3003,
1991-12-01,0,3003,-0.004189841914921999
1992-01-01,0,3003,0.1298922896385193
1992-02-01,0,3003,-0.0753650888800621
1992-03-01,0,3003,-0.6482412815093994
1992-04-01,0,3003,-0.5232207179069519
1992-05-01,0,3003,-0.41555026173591614
1992-06-01,0,3003,-0.02112518437206745
1992-07-01,0,3003,-0.033057793974876404
1992-08-01,0,3003,-0.03756175935268402
1992-09-01,0,3003,-0.23180578649044037
1992-10-01,0,3003,-0.3071564733982086
1992-11-01,0,3003,-0.5098140835762024
1992-12-01,0,3003,-0.7312983274459839
1993-01-01,0,3003,-0.8699632287025452
1993-02-01,0,3003,-0.9258453845977783
1993-03-01,0,3003,-0.8069531917572021
1993-04-01,0,3003,-0.7700600028038025
1993-05-01,0,3003,-0.40152299404144287
1993-06-01,0,3003,-0.8283260464668274
1993-07-01,0,3003,-0.8500252366065979
1993-08-01,0,3003,-0.8382326364517212
1993-09-01,0,3003,-0.9042420983314514
1993-10-01,0,3003,-0.6704407930374146
1993-11-01,0,3003,-0.3222961127758026
1993-12-01,0,3003,-0.5090543031692505
1994-01-01,0,3003,-0.422835111618042
1994-02-01,0,3003,-0.11305472999811172
1994-03-01,0,3003,-0.241647407412529
1994-04-01,0,3003,-0.2826854884624481
1994-05-01,0,3003,-0.40160641074180603
1994-06-01,0,3003,-0.4341537356376648
1994-07-01,0,3003,-0.4224909245967865
1994-08-01,0,3003,-0.4595862627029419
1994-09-01,0,3003,-0.4195265471935272
1994-10-01,0,3003,-0.6439470648765564
1994-11-01,0,3003,-0.6782042980194092
1994-12-01,0,3003,-0.7210479974746704
1995-01-01,0,3003,-1.235311508178711
1995-02-01,0,3003,-1.5465143918991089
1995-03-01,0,3003,-1.3460136651992798
1995-04-01,0,3003,-1.5306577682495117
1995-05-01,0,3003,-1.7380421161651611
1995-06-01,0,3003,-1.5174239873886108
1995-07-01,0,3003,-1.4818881750106812
1995-08-01,0,3003,-1.3513200283050537
1995-09-01,0,3003,-1.4298502206802368
1995-10-01,0,3003,-1.8000773191452026
1995-11-01,0,3003,-1.7461081743240356
1995-12-01,0,3003,-0.49330681562423706
1996-01-01,0,3003,1.2833905220031738
1996-02-01,0,3003,1.4017945528030396
1996-03-01,0,3003,1.429256558418274
1996-04-01,0,3003,1.455924391746521
1996-05-01,0,3003,1.6757985353469849
1996-06-01,0,3003,1.5868415832519531
1996-07-01,0,3003,1.5784730911254883
1996-08-01,0,3003,1.51908278465271
1996-09-01,0,3003,1.7037907838821411
1996-10-01,0,3003,1.7103995084762573
1996-11-01,0,3003,1.7095773220062256
1996-12-01,0,3003,2.382674217224121
1997-01-01,0,3003,2.2370734214782715
1997-02-01,0,3003,1.8522794246673584
1997-03-01,0,3003,1.627764344215393
1997-04-01,0,3003,1.6947693824768066
1997-05-01,0,3003,1.5118149518966675
1997-06-01,0,3003,1.5982563495635986
1997-07-01,0,3003,1.60573148727417
1997-08-01,0,3003,1.652869701385498
1997-09-01,0,3003,1.8354774713516235
1997-10-01,0,3003,1.9715545177459717
1997-11-01,0,3003,2.1759026050567627
1997-12-01,0,3003,1.724040150642395
1998-01-01,0,3003,0.9032664895057678
1998-02-01,0,3003,1.1682859659194946
1998-03-01,0,3003,1.2449334859848022
1998-04-01,0,3003,1.1261241436004639
1998-05-01,0,3003,1.1222225427627563
1998-06-01,0,3003,1.0500857830047607
1998-07-01,0,3003,1.0186842679977417
1998-08-01,0,3003,0.9610011577606201
1998-09-01,0,3003,0.7196803092956543
1998-10-01,0,3003,0.5048957467079163
1998-11-01,0,3003,-0.0734192430973053
1998-12-01,0,3003,-0.8269655704498291
1999-01-01,0,3003,-1.0454716682434082
1999-02-01,0,3003,-1.2834491729736328
1999-03-01,0,3003,-1.0920311212539673
1999-04-01,0,3003,-1.1722064018249512
1999-05-01,0,3003,-1.4255129098892212
1999-06-01,0,3003,-1.4804621934890747
1999-07-01,0,3003,-1.4593889713287354
1999-08-01,0,3003,-1.4808355569839478
1999-09-01,0,3003,-1.4974795579910278
1999-10-01,0,3003,-0.4553634822368622
1999-11-01,0,3003,-0.4225158095359802
1999-12-01,0,3003,-0.5797387957572937
2000-01-01,0,3003,-0.9992052316665649
2000-02-01,0,3003,-1.0729150772094727
2000-03-01,0,3003,-1.1549793481826782
2000-04-01,0,3003,-0.5232421159744263
2000-05-01,0,3003,-0.19716088473796844
2000-06-01,0,3003,-0.21081435680389404
2000-07-01,0,3003,-0.21959498524665833
2000-08-01,0,3003,-0.21402908861637115
2000-09-01,0,3003,-0.29023095965385437
2000-10-01,0,3003,-0.784005880355835
2000-11-01,0,3003,-0.5530069470405579
2000-12-01,0,3003,0.22544963657855988
2001-01-01,0,3003,0.7219745516777039
2001-02-01,0,3003,0.8187975883483887
2001-03-01,0,3003,1.1363983154296875
2001-04-01,0,3003,0.6534045934677124
2001-05-01,0,3003,0.435458779335022
2001-06-01,0,3003,0.3853127658367157
2001-07-01,0,3003,0.41714784502983093
2001-08-01,0,3003,0.4276791214942932
2001-09-01,0,3003,0.5697510838508606
2001-10-01,0,3003,0.6265614032745361
2001-11-01,0,3003,0.604749321937561
2001-12-01,0,3003,-0.02302803471684456
2002-01-01,0,3003,-0.5736196041107178
2002-02-01,0,3003,-0.5330519676208496
2002-03-01,0,3003,-0.46732354164123535
2002-04-01,0,3003,-0.042189501225948334
2002-05-01,0,3003,-0.1935824602842331
2002-06-01,0,3003,-0.07767105847597122
2002-07-01,0,3003,-0.11636707186698914
2002-08-01,0,3003,-0.0968303233385086
2002-09-01,0,3003,-0.12059849500656128
2002-10-01,0,3003,-0.39978426694869995
2002-11-01,0,3003,-0.06796930730342865
2002-12-01,0,3003,0.04994581267237663
2003-01-01,0,3003,0.1425389051437378
2003-02-01,0,3003,0.6312130093574524
2003-03-01,0,3003,0.5000532865524292
2003-04-01,0,3003,0.4461701512336731
2003-05-01,0,3003,0.4432939291000366
2003-06-01,0,3003,0.41941964626312256
2003-07-01,0,3003,0.4169327914714813
2003-08-01,0,3003,0.4196469187736511
2003-09-01,0,3003,0.3086276054382324
2003-10-01,0,3003,0.8434958457946777
2003-11-01,0,3003,0.6486741304397583
2003-12-01,0,3003,0.7792054414749146
2004-01-01,0,3003,0.5751125812530518
2004-02-01,0,3003,0.4477701783180237
2004-03-01,0,3003,0.4928511083126068
2004-04-01,0,3003,0.41516736149787903
2004-05-01,0,3003,0.6828985810279846
2004-06-01,0,3003,0.7012991905212402
2004-07-01,0,3003,0.7162853479385376
2004-08-01,0,3003,0.6940610408782959
2004-09-01,0,3003,0.6772762537002563
2004-10-01,0,3003,0.29750168323516846
2004-11-01,0,3003,-0.061087895184755325
2004-12-01,0,3003,-0.3337605595588684
2005-01-01,0,3003,-0.5406943559646606
2005-02-01,0,3003,-0.6483198404312134
2005-03-01,0,3003,-0.8749202489852905
2005-04-01,0,3003,-1.1453624963760376
2005-05-01,0,3003,-1.4514809846878052
2005-06-01,0,3003,-1.5141105651855469
2005-07-01,0,3003,-1.532265067100525
2005-08-01,0,3003,-1.5224350690841675
2005-09-01,0,3003,-1.5871418714523315
2005-10-01,0,3003,-1.585951805114746
2005-11-01,0,3003,-1.3762482404708862
2005-12-01,0,3003,-1.7581101655960083
2006-01-01,0,3003,-1.0046160221099854
2006-02-01,0,3003,-0.7876646518707275
2006-03-01,0,3003,-0.49814027547836304
2006-04-01,0,3003,-0.2678196132183075
2006-05-01,0,3003,-0.21318955719470978
2006-06-01,0,3003,-0.054671864956617355
2006-07-01,0,3003,-0.012088890187442303
2006-08-01,0,3003,-0.015429097227752209
2006-09-01,0,3003,0.13866671919822693
2006-10-01,0,3003,0.30295491218566895
2006-11-01,0,3003,0.5956228375434875
2006-12-01,0,3003,0.6395654082298279
2007-01-01,0,3003,0.24983938038349152
2007-02-01,0,3003,0.1990135759115219
2007-03-01,0,3003,-0.0006328836316242814
2007-04-01,0,3003,0.1935596913099289
2007-05-01,0,3003,0.3728348910808563
2007-06-01,0,3003,0.22908994555473328
2007-07-01,0,3003,0.18401400744915009
2007-08-01,0,3003,0.22118429839611053
2007-09-01,0,3003,0.31821808218955994
2007-10-01,0,3003,0.12960447371006012
2007-11-01,0,3003,-0.17107611894607544
2007-12-01,0,3003,-0.14308476448059082
2008-01-01,0,3003,-0.1979699432849884
2008-02-01,0,3003,-0.05036447197198868
2008-03-01,0,3003,-0.04550100862979889
2008-04-01,0,3003,0.03891884908080101
2008-05-01,0,3003,-0.02484952285885811
2008-06-01,0,3003,-0.0292127076536417
2008-07-01,0,3003,-0.014809372834861279
2008-08-01,0,3003,-0.06004492565989494
2008-09-01,0,3003,-0.06639428436756134
2008-10-01,0,3003,0.14490024745464325
2008-11-01,0,3003,0.23916751146316528
2008-12-01,0,3003,0.3741920590400696
2009-01-01,0,3003,0.6431155204772949
2009-02-01,0,3003,0.7634481191635132
2009-03-01,0,3003,0.9689406752586365
2009-04-01,0,3003,0.5349217653274536
2009-05-01,0,3003,0.2950156331062317
2009-06-01,0,3003,0.36971938610076904
2009-07-01,0,3003,0.3635643720626831
2009-08-01,0,3003,0.38140907883644104
2009-09-01,0,3003,0.29860416054725647
2009-10-01,0,3003,0.0045391046442091465
2009-11-01,0,3003,-0.2757241427898407
2009-12-01,0,3003,0.9592545032501221
2010-01-01,0,3003,1.3985027074813843
2010-02-01,0,3003,1.7740826606750488
2010-03-01,0,3003,1.8518732786178589
2010-04-01,0,3003,1.983651876449585
2010-05-01,0,3003,1.8450745344161987
2010-06-01,0,3003,1.925999641418457
2010-07-01,0,3003,1.9315240383148193
2010-08-01,0,3003,1.9264644384384155
2010-09-01,0,3003,1.9125945568084717
2010-10-01,0,3003,2.0086987018585205
2010-11-01,0,3003,2.247133493423462
2010-12-01,0,3003,2.1247756481170654
2011-01-01,0,3003,1.7245064973831177
2011-02-01,0,3003,1.023077368736267
2011-03-01,0,3003,0.8178600668907166
2011-04-01,0,3003,0.9746765494346619
2011-05-01,0,3003,1.136672019958496
2011-06-01,0,3003,1.015182375907898
2011-07-01,0,3003,1.0150749683380127
2011-08-01,0,3003,0.9964379668235779
2011-09-01,0,3003,0.9556385278701782
2011-10-01,0,3003,0.8370264768600464
2011-11-01,0,3003,0.8635116219520569
2011-12-01,0,3003,-0.19980022311210632
2012-01-01,0,3003,-0.4347749948501587
2012-02-01,0,3003,-0.7613158226013184
2012-03-01,0,3003,-1.065034031867981
2012-04-01,0,3003,-1.5253316164016724
2012-05-01,0,3003,-1.69521164894104
2012-06-01,0,3003,-1.7398394346237183
2012-07-01,0,3003,-1.763431191444397
2012-08-01,0,3003,-1.7702546119689941
2012-09-01,0,3003,-1.3412997722625732
2012-10-01,0,3003,-0.722070574760437
2012-11-01,0,3003,-0.5158433318138123
2012-12-01,0,3003,-0.41373372077941895
2013-01-01,0,3003,-0.30641913414001465
2013-02-01,0,3003,0.13533201813697815
2013-03-01,0,3003,0.9006713628768921
2013-04-01,0,3003,0.9410294890403748
2013-05-01,0,3003,0.8970164060592651
2013-06-01,0,3003,0.9322369694709778
2013-07-01,0,3003,0.9473395943641663
2013-08-01,0,3003,1.0616976022720337
2013-09-01,0,3003,0.9296091794967651
2013-10-01,0,3003,0.6232760548591614
2013-11-01,0,3003,-0.007477902807295322
2013-12-01,0,3003,0.18892502784729004
2014-01-01,0,3003,0.3124972879886627
2014-02-01,0,3003,0.4539957046508789
2014-03-01,0,3003,-0.2940344214439392
2014-04-01,0,3003,-0.21101734042167664
2014-05-01,0,3003,-0.3125251829624176
2014-06-01,0,3003,-0.30577459931373596
2014-07-01,0,3003,-0.3097822666168213
2014-08-01,0,3003,-0.46983155608177185
2014-09-01,0,3003,-0.4351886212825775
2014-10-01,0,3003,-0.3315499424934387
2014-11-01,0,3003,0.36404314637184143
2014-12-01,0,3003,0.16343161463737488
2015-01-01,0,3003,-0.1839253008365631
2015-02-01,0,3003,-0.5732190012931824
2015-03-01,0,3003,-0.4176330268383026
2015-04-01,0,3003,-0.4129124581813812
2015-05-01,0,3003,-0.3185114562511444
2015-06-01,0,3003,-0.3550988435745239
2015-07-01,0,3003,-0.3592594265937805
2015-08-01,0,3003,-0.2948671877384186
2015-09-01,0,3003,-0.40639856457710266
2015-10-01,0,3003,-0.33470508456230164
2015-11-01,0,3003,-1.054432988166809
2015-12-01,0,3003,-1.3225345611572266
2016-01-01,0,3003,-1.424822211265564
2016-02-01,0,3003,-1.0539417266845703
2016-03-01,0,3003,-1.2255165576934814
2016-04-01,0,3003,-1.1357269287109375
2016-05-01,0,3003,-0.6791475415229797
2016-06-01,0,3003,-0.6952698826789856
2016-07-01,0,3003,-0.6788597702980042
2016-08-01,0,3003,-0.7030638456344604
2016-09-01,0,3003,-0.7707003951072693
2016-10-01,0,3003,-0.8035764694213867
2016-11-01,0,3003,-0.26866528391838074
2016-12-01,0,3003,0.18199490010738373
2017-01-01,0,3003,0.13738639652729034
2017-02-01,0,3003,0.3363230526447296
2017-03-01,0,3003,0.535975992679596
2017-04-01,0,3003,0.36643409729003906
2017-05-01,0,3003,0.08140590041875839
2017-06-01,0,3003,0.13099552690982819
2017-07-01,0,3003,0.1255369931459427
2017-08-01,0,3003,0.20666944980621338
2017-09-01,0,3003,0.18062083423137665
2017-10-01,0,3003,-0.046826042234897614
2017-11-01,0,3003,-0.5294391512870789
2017-12-01,0,3003,-0.8770498037338257
2018-01-01,0,3003,-0.7470573782920837
2018-02-01,0,3003,-1.0123370885849
2018-03-01,0,3003,-0.3672640323638916
2018-04-01,0,3003,-0.0629582405090332
2018-05-01,0,3003,0.02452768012881279
2018-06-01,0,3003,-0.018349019810557365
2018-07-01,0,3003,-0.039600808173418045
2018-08-01,0,3003,-0.08838764578104019
2018-09-01,0,3003,0.08356442302465439
2018-10-01,0,3003,0.4619752764701843
2018-11-01,0,3003,0.5663051605224609
2018-12-01,0,3003,0.4361887574195862
2019-01-01,0,3003,0.07977738231420517
2019-02-01,0,3003,0.005045291967689991
2019-03-01,0,3003,-0.7265530824661255
2019-04-01,0,3003,-0.6892155408859253
2019-05-01,0,3003,-0.8520005941390991
2019-06-01,0,3003,-0.8545029163360596
2019-07-01,0,3003,-0.8351372480392456
2019-08-01,0,3003,-0.8514739871025085
2019-09-01,0,3003,-0.7724211812019348
2019-10-01,0,3003,-1.357892394065857
2019-11-01,0,3003,-1.3407118320465088
2019-12-01,0,3003,-0.8410782814025879
2020-01-01,0,3003,-0.5765889883041382
2020-02-01,0,3003,-0.5889216065406799
2020-03-01,0,3003,-0.26111653447151184
2020-04-01,0,3003,-0.547446072101593
2020-05-01,0,3003,-0.2091209441423416
2020-06-01,0,3003,-0.2143132984638214
2020-07-01,0,3003,-0.19855166971683502
2020-08-01,0,3003,-0.22285142540931702
2020-09-01,0,3003,-0.37883034348487854
2020-10-01,0,3003,-0.24701619148254395
2020-11-01,0,3003,-0.07957378029823303
2020-12-01,0,3003,-0.4949481189250946
2021-01-01,0,3003,-0.4685887396335602
2021-02-01,0,3003,-0.0750207006931305
2021-03-01,0,3003,-0.12511999905109406
2021-04-01,0,3003,-0.03741735219955444
2021-05-01,0,3003,-0.15239301323890686
2021-06-01,0,3003,-0.007310279179364443
2021-07-01,0,3003,-0.037687212228775024
2021-08-01,0,3003,-0.03044811077415943
2021-09-01,0,3003,0.060640063136816025
2021-10-01,0,3003,-0.034752409905195236
2021-11-01,0,3003,-0.5113577246665955
2021-12-01,0,3003,-0.35084962844848633
2022-01-01,0,3003,-1.1135369539260864
2022-02-01,0,3003,-1.285419225692749
2022-03-01,0,3003,-0.2802542448043823
2022-04-01,0,3003,-0.28387877345085144
2022-05-01,0,3003,-0.39879530668258667
2022-06-01,0,3003,-0.5112384557723999
2022-07-01,0,3003,-0.5052695870399475
2022-08-01,0,3003,-0.497613787651062
2022-09-01,0,3003,-0.5488271117210388
2022-10-01,0,3003,-0.44086503982543945
2022-11-01,0,3003,-0.4759458005428314
2022-12-01,0,3003,-0.043253399431705475
2023-01-01,0,3003,-0.036359917372465134
2023-02-01,0,3003,0.11231552064418793
2023-03-01,0,3003,-0.8724455833435059
2023-04-01,0,3003,-1.3632745742797852
2023-05-01,0,3003,-0.9572003483772278
2023-06-01,0,3003,-0.6071551442146301
2023-07-01,0,3003,-0.6113102436065674
2023-08-01,0,3003,-0.636661946773529
2023-09-01,0,3003,-0.5568686127662659
2023-10-01,0,3003,-0.38749998807907104
2023-11-01,0,3003,-0.5253589153289795
2023-12-01,0,3003,-1.3518825769424438
2024-01-01,0,3003,-1.033874273300171
2024-02-01,0,3003,-0.5422515869140625
2024-03-01,0,3003,0.4520396590232849
2024-04-01,0,3003,0.5114737153053284
2024-05-01,0,3003,0.16711097955703735
2024-06-01,0,3003,-0.07130808383226395
2024-07-01,0,3003,-0.062092386186122894
2024-08-01,0,3003,0.005915633402764797
2024-09-01,0,3003,-0.1853620558977127
2024-10-01,0,3003,0.20604804158210754
2024-11-01,0,3003,0.3976345956325531
2024-12-01,0,3003,0.22538642585277557
2025-01-01,0,3003,0.2471706122159958
2025-02-01,0,3003,-0.023696843534708023
2025-03-01,0,3003,-0.14032012224197388
2025-04-01,0,3003,0.07528648525476456
2025-05-01,0,3003,0.16479139029979706
2025-06-01,0,3003,0.21314609050750732
2025-07-01,0,3003,0.24358919262886047
2025-08-01,0,3003,0.20231132209300995
2025-09-01,0,3003,0.1839262843132019
2025-10-01,0,3003,-0.29021376371383667
2025-11-01,0,3003,-0.0865618959069252
2025-12-01,0,3003,0.5423031449317932
2026-01-01,0,3003,0.9495787620544434
2026-02-01,0,3003,1.5253143310546875
2026-03-01,0,3003,1.0802955627441406
1991-01-01,1,1938,
1991-02-01,1,1938,
1991-03-01,1,1938,
1991-04-01,1,1938,
1991-05-01,1,1938,
1991-06-01,1,1938,
1991-07-01,1,1938,
1991-08-01,1,1938,
1991-09-01,1,1938,
1991-10-01,1,1938,
1991-11-01,1,1938,
1991-12-01,1,1938,0.2412620186805725
1992-01-01,1,1938,0.08496483415365219
1992-02-01,1,1938,-0.41272783279418945
1992-03-01,1,1938,-0.7655661702156067
1992-04-01,1,1938,-1.239419937133789
1992-05-01,1,1938,-0.8817311525344849
1992-06-01,1,1938,-0.2704302966594696
1992-07-01,1,1938,-0.2910703122615814
1992-08-01,1,1938,0.19864852726459503
1992-09-01,1,1938,-0.32377874851226807
1992-10-01,1,1938,-0.013831458054482937
1992-11-01,1,1938,-0.47783708572387695
1992-12-01,1,1938,-0.24243605136871338
1993-01-01,1,1938,-0.2979673445224762
1993-02-01,1,1938,-0.284791499376297
1993-03-01,1,1938,-0.3495277166366577
1993-04-01,1,1938,-0.2299724668264389
1993-05-01,1,1938,-0.0567980520427227
1993-06-01,1,1938,-0.729317843914032
1993-07-01,1,1938,-1.0260405540466309
1993-08-01,1,1938,-1.4437553882598877
1993-09-01,1,1938,-1.2961207628250122
1993-10-01,1,1938,-1.304523229598999
1993-11-01,1,1938,-1.2483391761779785
1993-12-01,1,1938,-1.4452306032180786
1994-01-01,1,1938,-1.0305041074752808
1994-02-01,1,1938,-0.6375259160995483
1994-03-01,1,1938,-0.6511505246162415
1994-04-01,1,1938,-0.7212520241737366
1994-05-01,1,1938,-0.918123185634613
1994-06-01,1,1938,-0.89249187707901
1994-07-01,1,1938,-0.6830287575721741
1994-08-01,1,1938,-0.7405855059623718
1994-09-01,1,1938,-0.6889637112617493
1994-10-01,1,1938,-0.7818662524223328
1994-11-01,1,1938,-0.5739855766296387
1994-12-01,1,1938,-0.7423219084739685
1995-01-01,1,1938,-0.6078174114227295
1995-02-01,1,1938,-0.6424179673194885
1995-03-01,1,1938,-0.6053925156593323
1995-04-01,1,1938,-0.48412543535232544
1995-05-01,1,1938,-0.5525093674659729
1995-06-01,1,1938,-0.7111170887947083
1995-07-01,1,1938,-0.7379419207572937
1995-08-01,1,1938,-0.4847545325756073
1995-09-01,1,1938,-0.8540261387825012
1995-10-01,1,1938,-1.4310873746871948
1995-11-01,1,1938,-1.6837849617004395
1995-12-01,1,1938,-1.062907338142395
1996-01-01,1,1938,-0.38434144854545593
1996-02-01,1,1938,-0.4727430045604706
1996-03-01,1,1938,-0.3614340126514435
1996-04-01,1,1938,-0.4590120017528534
1996-05-01,1,1938,-0.6323615312576294
1996-06-01,1,1938,-0.6452670693397522
1996-07-01,1,1938,-0.46905070543289185
1996-08-01,1,1938,-0.4763619601726532
1996-09-01,1,1938,-0.2062460035085678
1996-10-01,1,1938,-0.19552019238471985
1996-11-01,1,1938,0.1935696005821228
1996-12-01,1,1938,0.30847930908203125
1997-01-01,1,1938,0.3161994218826294
1997-02-01,1,1938,0.19006845355033875
1997-03-01,1,1938,0.1196267157793045
1997-04-01,1,1938,0.133355975151062
1997-05-01,1,1938,0.5348564386367798
1997-06-01,1,1938,1.0605424642562866
1997-07-01,1,1938,1.3795331716537476
1997-08-01,1,1938,1.7054812908172607
1997-09-01,1,1938,1.6025193929672241
1997-10-01,1,1938,1.7538912296295166
1997-11-01,1,1938,1.7456084489822388
1997-12-01,1,1938,1.5944766998291016
1998-01-01,1,1938,0.8523147702217102
1998-02-01,1,1938,0.8833325505256653
1998-03-01,1,1938,1.0250259637832642
1998-04-01,1,1938,1.2401436567306519
1998-05-01,1,1938,0.9881563186645508
1998-06-01,1,1938,0.6005314588546753
1998-07-01,1,1938,0.041799966245889664
1998-08-01,1,1938,-0.5013638138771057
1998-09-01,1,1938,-0.015039239078760147
1998-10-01,1,1938,-0.1640905886888504
1998-11-01,1,1938,-0.6401264071464539
1998-12-01,1,1938,-1.2531945705413818
1999-01-01,1,1938,-1.3731144666671753
1999-02-01,1,1938,-1.086118221282959
1999-03-01,1,1938,-0.7160677313804626
1999-04-01,1,1938,-0.8662871718406677
1999-05-01,1,1938,-0.7941524386405945
1999-06-01,1,1938,-0.7608521580696106
1999-07-01,1,1938,-0.18788842856884003
1999-08-01,1,1938,-0.30400511622428894
1999-09-01,1,1938,-0.20862841606140137
1999-10-01,1,1938,0.12179941684007645
1999-11-01,1,1938,0.20149384438991547
1999-12-01,1,1938,0.41641369462013245
2000-01-01,1,1938,0.20587636530399323
2000-02-01,1,1938,0.02418612129986286
2000-03-01,1,1938,-0.3016042709350586
2000-04-01,1,1938,0.0869668573141098
2000-05-01,1,1938,0.13055260479450226
2000-06-01,1,1938,0.10796627402305603
2000-07-01,1,1938,-0.3802229166030884
2000-08-01,1,1938,-0.39005061984062195
2000-09-01,1,1938,-0.9811751842498779
2000-10-01,1,1938,-0.3984188735485077
2000-11-01,1,1938,0.11808507144451141
2000-12-01,1,1938,0.4014788269996643
2001-01-01,1,1938,1.266505241394043
2001-02-01,1,1938,1.3618395328521729
2001-03-01,1,1938,1.7093921899795532
2001-04-01,1,1938,1.217265248298645
2001-05-01,1,1938,1.0244472026824951
2001-06-01,1,1938,0.7373197078704834
2001-07-01,1,1938,0.8813301920890808
2001-08-01,1,1938,0.9461672306060791
2001-09-01,1,1938,1.1241798400878906
2001-10-01,1,1938,0.6119803190231323
2001-11-01,1,1938,0.04819634184241295
2001-12-01,1,1938,-0.840793788433075
2002-01-01,1,1938,-1.5247238874435425
2002-02-01,1,1938,-1.3716042041778564
2002-03-01,1,1938,-1.6627781391143799
2002-04-01,1,1938,-1.3825870752334595
2002-05-01,1,1938,-1.1366525888442993
2002-06-01,1,1938,-0.9211381077766418
2002-07-01,1,1938,-0.9860897064208984
2002-08-01,1,1938,-0.46980544924736023
2002-09-01,1,1938,-0.383963406085968
2002-10-01,1,1938,-0.2904166877269745
2002-11-01,1,1938,-0.05073382705450058
2002-12-01,1,1938,0.6923892498016357
2003-01-01,1,1938,1.105109691619873
2003-02-01,1,1938,1.3599004745483398
2003-03-01,1,1938,1.2479265928268433
2003-04-01,1,1938,1.2783600091934204
2003-05-01,1,1938,1.3349206447601318
2003-06-01,1,1938,1.399449348449707
2003-07-01,1,1938,1.200411081314087
2003-08-01,1,1938,0.8212176561355591
2003-09-01,1,1938,0.9780890941619873
2003-10-01,1,1938,1.1403604745864868
2003-11-01,1,1938,1.370246410369873
2003-12-01,1,1938,1.0575008392333984
2004-01-01,1,1938,0.9521004557609558
2004-02-01,1,1938,0.7983617186546326
2004-03-01,1,1938,0.8457963466644287
2004-04-01,1,1938,0.8808835744857788
2004-05-01,1,1938,0.7817582488059998
2004-06-01,1,1938,0.6875603795051575
2004-07-01,1,1938,0.9193261861801147
2004-08-01,1,1938,0.832339882850647
2004-09-01,1,1938,0.7262908816337585
2004-10-01,1,1938,0.5079479813575745
2004-11-01,1,1938,0.09898652136325836
2004-12-01,1,1938,-0.0029069287702441216
2005-01-01,1,1938,-0.6148281693458557
2005-02-01,1,1938,-1.0303128957748413
2005-03-01,1,1938,-1.2475563287734985
2005-04-01,1,1938,-1.4142640829086304
2005-05-01,1,1938,-1.433769941329956
2005-06-01,1,1938,-1.3535773754119873
2005-07-01,1,1938,-1.6278737783432007
2005-08-01,1,1938,-1.635512351989746
2005-09-01,1,1938,-1.9379421472549438
2005-10-01,1,1938,-2.155883312225342
2005-11-01,1,1938,-1.5473523139953613
2005-12-01,1,1938,-1.672461986541748
2006-01-01,1,1938,-1.3915419578552246
2006-02-01,1,1938,-0.9146330952644348
2006-03-01,1,1938,-0.5785142779350281
2006-04-01,1,1938,-0.5448200702667236
2006-05-01,1,1938,-0.8764457106590271
2006-06-01,1,1938,-0.4441085755825043
2006-07-01,1,1938,0.04854261875152588
2006-08-01,1,1938,-0.06107744202017784
2006-09-01,1,1938,0.6108636260032654
2006-10-01,1,1938,0.7963999509811401
2006-11-01,1,1938,0.6856154799461365
2006-12-01,1,1938,0.6411822438240051
2007-01-01,1,1938,0.6896957755088806
2007-02-01,1,1938,0.9706973433494568
2007-03-01,1,1938,1.1067514419555664
2007-04-01,1,1938,1.5484488010406494
2007-05-01,1,1938,1.8966739177703857
2007-06-01,1,1938,1.6529769897460938
2007-07-01,1,1938,1.269601821899414
2007-08-01,1,1938,1.4087260961532593
2007-09-01,1,1938,0.8617276549339294
2007-10-01,1,1938,0.6838544607162476
2007-11-01,1,1938,0.365696519613266
2007-12-01,1,1938,0.31819143891334534
2008-01-01,1,1938,0.3332577049732208
2008-02-01,1,1938,-0.05779850110411644
2008-03-01,1,1938,-0.4429561495780945
2008-04-01,1,1938,-0.7783539295196533
2008-05-01,1,1938,-0.16101153194904327
2008-06-01,1,1938,-0.18938568234443665
2008-07-01,1,1938,-0.10120655596256256
2008-08-01,1,1938,-0.2591288387775421
2008-09-01,1,1938,-0.10017144680023193
2008-10-01,1,1938,0.2424503117799759
2008-11-01,1,1938,0.5355825424194336
2008-12-01,1,1938,0.9439968466758728
2009-01-01,1,1938,1.3400474786758423
2009-02-01,1,1938,1.3388314247131348
2009-03-01,1,1938,1.1483784914016724
2009-04-01,1,1938,0.9908325672149658
2009-05-01,1,1938,0.022060595452785492
2009-06-01,1,1938,-0.12710998952388763
2009-07-01,1,1938,-0.22591735422611237
2009-08-01,1,1938,-0.13978548347949982
2009-09-01,1,1938,-0.17541857063770294
2009-10-01,1,1938,-0.6015996336936951
2009-11-01,1,1938,-0.573338508605957
2009-12-01,1,1938,-0.27753743529319763
2010-01-01,1,1938,-0.1643054485321045
2010-02-01,1,1938,0.15734830498695374
2010-03-01,1,1938,0.4270801246166229
2010-04-01,1,1938,0.3729415237903595
2010-05-01,1,1938,0.4837735593318939
2010-06-01,1,1938,0.9034281969070435
2010-07-01,1,1938,1.030566930770874
2010-08-01,1,1938,0.8582921624183655
2010-09-01,1,1938,0.894673228263855
2010-10-01,1,1938,1.0203222036361694
2010-11-01,1,1938,0.9036481380462646
2010-12-01,1,1938,0.48577356338500977
2011-01-01,1,1938,0.12449179589748383
2011-02-01,1,1938,-0.03342418372631073
2011-03-01,1,1938,0.08172450214624405
2011-04-01,1,1938,0.08894969522953033
2011-05-01,1,1938,0.16266745328903198
2011-06-01,1,1938,-0.19787205755710602
2011-07-01,1,1938,-0.22913813591003418
2011-08-01,1,1938,-0.15372461080551147
2011-09-01,1,1938,-0.272831529378891
2011-10-01,1,1938,-0.609652042388916
2011-11-01,1,1938,-0.12401043623685837
2011-12-01,1,1938,-0.3854069709777832
2012-01-01,1,1938,-0.6748282313346863
2012-02-01,1,1938,-0.938338577747345
2012-03-01,1,1938,-1.3153800964355469
2012-04-01,1,1938,-0.9408568143844604
2012-05-01,1,1938,-1.3123072385787964
2012-06-01,1,1938,-1.477533221244812
2012-07-01,1,1938,-1.4254299402236938
2012-08-01,1,1938,-1.4560812711715698
2012-09-01,1,1938,-1.1673215627670288
2012-10-01,1,1938,-0.21417735517024994
2012-11-01,1,1938,-0.6294831037521362
2012-12-01,1,1938,-0.6756198406219482
2013-01-01,1,1938,-0.06206374615430832
2013-02-01,1,1938,0.2647235691547394
2013-03-01,1,1938,0.728062093257904
2013-04-01,1,1938,0.6598702073097229
2013-05-01,1,1938,0.7981141209602356
2013-06-01,1,1938,1.1726956367492676
2013-07-01,1,1938,1.4462780952453613
2013-08-01,1,1938,1.5868772268295288
2013-09-01,1,1938,1.4798340797424316
2013-10-01,1,1938,0.9652317762374878
2013-11-01,1,1938,1.039933443069458
2013-12-01,1,1938,1.1324588060379028
2014-01-01,1,1938,1.1387566328048706
2014-02-01,1,1938,1.2787352800369263
2014-03-01,1,1938,0.816441535949707
2014-04-01,1,1938,0.6291883587837219
2014-05-01,1,1938,0.4610852897167206
2014-06-01,1,1938,0.23486360907554626
2014-07-01,1,1938,0.10727040469646454
2014-08-01,1,1938,-0.03564839065074921
2014-09-01,1,1938,0.14677749574184418
2014-10-01,1,1938,-0.06540477275848389
2014-11-01,1,1938,0.39658868312835693
2014-12-01,1,1938,0.49338486790657043
2015-01-01,1,1938,0.24359825253486633
2015-02-01,1,1938,-0.23056215047836304
2015-03-01,1,1938,0.22150450944900513
2015-04-01,1,1938,0.08365288376808167
2015-05-01,1,1938,0.06201009824872017
2015-06-01,1,1938,0.2638097405433655
2015-07-01,1,1938,0.22812679409980774
2015-08-01,1,1938,0.4014669358730316
2015-09-01,1,1938,0.34382766485214233
2015-10-01,1,1938,0.42187169194221497
2015-11-01,1,1938,-0.18002644181251526
2015-12-01,1,1938,-0.6268481016159058
2016-01-01,1,1938,-0.3191724121570587
2016-02-01,1,1938,0.5889939665794373
2016-03-01,1,1938,0.3389010429382324
2016-04-01,1,1938,0.4453873932361603
2016-05-01,1,1938,0.5435774922370911
2016-06-01,1,1938,-0.03340611606836319
2016-07-01,1,1938,-0.17464710772037506
2016-08-01,1,1938,-0.46909642219543457
2016-09-01,1,1938,-0.6461195945739746
2016-10-01,1,1938,-0.564914882183075
2016-11-01,1,1938,-0.027937110513448715
2016-12-01,1,1938,-0.0862390547990799
2017-01-01,1,1938,-0.4910558760166168
2017-02-01,1,1938,-0.9203779697418213
2017-03-01,1,1938,-0.930195689201355
2017-04-01,1,1938,-1.2878190279006958
2017-05-01,1,1938,-1.135873556137085
2017-06-01,1,1938,-0.5559799075126648
2017-07-01,1,1938,-0.41666337847709656
2017-08-01,1,1938,-0.020366400480270386
2017-09-01,1,1938,0.06251517683267593
2017-10-01,1,1938,-0.26025235652923584
2017-11-01,1,1938,-1.0229496955871582
2017-12-01,1,1938,-0.6635550260543823
2018-01-01,1,1938,-0.26760825514793396
2018-02-01,1,1938,-0.3901523947715759
2018-03-01,1,1938,-0.16762176156044006
2018-04-01,1,1938,0.7040441632270813
2018-05-01,1,1938,0.877790629863739
2018-06-01,1,1938,0.6777169704437256
2018-07-01,1,1938,0.7285580039024353
2018-08-01,1,1938,0.6041202545166016
2018-09-01,1,1938,0.6600218415260315
2018-10-01,1,1938,1.026939034461975
2018-11-01,1,1938,1.2204091548919678
2018-12-01,1,1938,1.0827982425689697
2019-01-01,1,1938,0.8052129149436951
2019-02-01,1,1938,0.5561580061912537
2019-03-01,1,1938,0.023400072008371353
2019-04-01,1,1938,-0.18972523510456085
2019-05-01,1,1938,-0.6541991233825684
2019-06-01,1,1938,-1.2067075967788696
2019-07-01,1,1938,-1.0943446159362793
2019-08-01,1,1938,-1.0429964065551758
2019-09-01,1,1938,-1.045445203781128
2019-10-01,1,1938,-1.044760823249817
2019-11-01,1,1938,-0.8373020887374878
2019-12-01,1,1938,-0.5091785192489624
2020-01-01,1,1938,-0.24902351200580597
2020-02-01,1,1938,-0.34845322370529175
2020-03-01,1,1938,0.2572581171989441
2020-04-01,1,1938,0.17910927534103394
2020-05-01,1,1938,0.44147974252700806
2020-06-01,1,1938,1.0150902271270752
2020-07-01,1,1938,0.7744404673576355
2020-08-01,1,1938,0.7199753522872925
2020-09-01,1,1938,0.8175070285797119
2020-10-01,1,1938,0.8139654994010925
2020-11-01,1,1938,0.6978521943092346
2020-12-01,1,1938,0.6812711358070374
2021-01-01,1,1938,0.799449622631073
2021-02-01,1,1938,1.2347232103347778
2021-03-01,1,1938,0.6509522199630737
2021-04-01,1,1938,0.4521794617176056
2021-05-01,1,1938,0.38641121983528137
2021-06-01,1,1938,0.46015259623527527
2021-07-01,1,1938,0.4013088643550873
2021-08-01,1,1938,0.3395105302333832
2021-09-01,1,1938,0.6880080103874207
2021-10-01,1,1938,0.5745483040809631
2021-11-01,1,1938,0.7975190877914429
2021-12-01,1,1938,0.6603891253471375
2022-01-01,1,1938,0.1892663836479187
2022-02-01,1,1938,-0.25332680344581604
2022-03-01,1,1938,0.4600490629673004
2022-04-01,1,1938,0.5875097513198853
2022-05-01,1,1938,0.37300288677215576
2022-06-01,1,1938,-0.18345972895622253
2022-07-01,1,1938,-0.14718899130821228
2022-08-01,1,1938,-0.0407409630715847
2022-09-01,1,1938,-0.3888466954231262
2022-10-01,1,1938,-0.3081774413585663
2022-11-01,1,1938,-0.500335693359375
2022-12-01,1,1938,-0.2584875226020813
2023-01-01,1,1938,0.14736858010292053
2023-02-01,1,1938,0.1943475902080536
2023-03-01,1,1938,-0.45035746693611145
2023-04-01,1,1938,-0.9223827719688416
2023-05-01,1,1938,-0.8824453949928284
2023-06-01,1,1938,-0.16962170600891113
2023-07-01,1,1938,-0.15936419367790222
2023-08-01,1,1938,-0.4163157045841217
2023-09-01,1,1938,0.058851443231105804
2023-10-01,1,1938,0.19439858198165894
2023-11-01,1,1938,-0.08104658126831055
2023-12-01,1,1938,-0.37157657742500305
2024-01-01,1,1938,-0.4037599265575409
2024-02-01,1,1938,0.04209575802087784
2024-03-01,1,1938,0.567975640296936
2024-04-01,1,1938,0.617910623550415
2024-05-01,1,1938,0.5049673318862915
2024-06-01,1,1938,-0.0300207007676363
2024-07-01,1,1938,0.07307185232639313
2024-08-01,1,1938,0.6399803757667542
2024-09-01,1,1938,0.5649433135986328
2024-10-01,1,1938,1.1740434169769287
2024-11-01,1,1938,1.2564713954925537
2024-12-01,1,1938,1.0794936418533325
2025-01-01,1,1938,1.1536129713058472
2025-02-01,1,1938,0.9049729108810425
2025-03-01,1,1938,0.7593839168548584
2025-04-01,1,1938,0.9784424901008606
2025-05-01,1,1938,1.195106863975525
2025-06-01,1,1938,1.3936501741409302
2025-07-01,1,1938,1.5357646942138672
2025-08-01,1,1938,1.110396146774292
2025-09-01,1,1938,0.7295172810554504
2025-10-01,1,1938,-0.27535200119018555
2025-11-01,1,1938,0.1512596607208252
2025-12-01,1,1938,0.33841902017593384
2026-01-01,1,1938,0.6787154078483582
2026-02-01,1,1938,1.2190591096878052
2026-03-01,1,1938,0.9140052795410156
1991-01-01,2,2523,
1991-02-01,2,2523,
1991-03-01,2,2523,
1991-04-01,2,2523,
1991-05-01,2,2523,
1991-06-01,2,2523,
1991-07-01,2,2523,
1991-08-01,2,2523,
1991-09-01,2,2523,
1991-10-01,2,2523,
1991-11-01,2,2523,
1991-12-01,2,2523,0.004536084830760956
1992-01-01,2,2523,-0.041267525404691696
1992-02-01,2,2523,-0.11517312377691269
1992-03-01,2,2523,-0.6398801803588867
1992-04-01,2,2523,-0.8119509220123291
1992-05-01,2,2523,-0.3696399927139282
1992-06-01,2,2523,0.3711681365966797
1992-07-01,2,2523,0.2904892563819885
1992-08-01,2,2523,0.2993776500225067
1992-09-01,2,2523,0.17953482270240784
1992-10-01,2,2523,0.13294437527656555
1992-11-01,2,2523,-0.02257506176829338
1992-12-01,2,2523,-0.08520454913377762
1993-01-01,2,2523,-0.12090500444173813
1993-02-01,2,2523,-0.02523798868060112
1993-03-01,2,2523,-0.15841278433799744
1993-04-01,2,2523,-0.08299802988767624
1993-05-01,2,2523,-0.09005609899759293
1993-06-01,2,2523,-0.9025917649269104
1993-07-01,2,2523,-0.9163670539855957
1993-08-01,2,2523,-0.8998084664344788
1993-09-01,2,2523,-0.9785341024398804
1993-10-01,2,2523,-0.8352872133255005
1993-11-01,2,2523,-0.4443969130516052
1993-12-01,2,2523,-0.7318097352981567
1994-01-01,2,2523,-0.6015834212303162
1994-02-01,2,2523,-0.8899983167648315
1994-03-01,2,2523,-0.940521240234375
1994-04-01,2,2523,-0.6550610065460205
1994-05-01,2,2523,-0.8267495632171631
1994-06-01,2,2523,-0.8947581648826599
1994-07-01,2,2523,-0.9126805067062378
1994-08-01,2,2523,-0.9695836305618286
1994-09-01,2,2523,-0.46428126096725464
1994-10-01,2,2523,-0.32576289772987366
1994-11-01,2,2523,-0.5592206716537476
1994-12-01,2,2523,-0.4895187020301819
1995-01-01,2,2523,-0.7200862765312195
1995-02-01,2,2523,-0.8562361001968384
1995-03-01,2,2523,-0.658423662185669
1995-04-01,2,2523,-1.1605193614959717
1995-05-01,2,2523,-1.3204549551010132
1995-06-01,2,2523,-1.0036934614181519
1995-07-01,2,2523,-0.8834488391876221
1995-08-01,2,2523,-0.509257435798645
1995-09-01,2,2523,-1.1087164878845215
1995-10-01,2,2523,-1.8687644004821777
1995-11-01,2,2523,-2.3049817085266113
1995-12-01,2,2523,-1.5234185457229614
1996-01-01,2,2523,-0.5837180018424988
1996-02-01,2,2523,-0.571182370185852
1996-03-01,2,2523,-0.41321155428886414
1996-04-01,2,2523,-0.37008145451545715
1996-05-01,2,2523,-0.11216641217470169
1996-06-01,2,2523,-0.24224650859832764
1996-07-01,2,2523,-0.2728425860404968
1996-08-01,2,2523,-0.5437300801277161
1996-09-01,2,2523,0.008000019006431103
1996-10-01,2,2523,0.16504378616809845
1996-11-01,2,2523,0.6787819862365723
1996-12-01,2,2523,0.8956834673881531
1997-01-01,2,2523,1.0000357627868652
1997-02-01,2,2523,0.9142947196960449
1997-03-01,2,2523,0.6360970735549927
1997-04-01,2,2523,0.9580438137054443
1997-05-01,2,2523,1.013107419013977
1997-06-01,2,2523,1.1272906064987183
1997-07-01,2,2523,1.2090905904769897
1997-08-01,2,2523,1.3645190000534058
1997-09-01,2,2523,1.4221012592315674
1997-10-01,2,2523,1.564782977104187
1997-11-01,2,2523,1.3575263023376465
1997-12-01,2,2523,1.2917858362197876
1998-01-01,2,2523,0.9234591722488403
1998-02-01,2,2523,1.0175596475601196
1998-03-01,2,2523,1.0402393341064453
1998-04-01,2,2523,0.7533982992172241
1998-05-01,2,2523,0.7684158682823181
1998-06-01,2,2523,0.5823236107826233
1998-07-01,2,2523,0.3950350284576416
1998-08-01,2,2523,0.182659313082695
1998-09-01,2,2523,-0.20460958778858185
1998-10-01,2,2523,-0.5443416237831116
1998-11-01,2,2523,-0.9440672993659973
1998-12-01,2,2523,-1.0208313465118408
1999-01-01,2,2523,-1.627360463142395
1999-02-01,2,2523,-1.459365725517273
1999-03-01,2,2523,-0.9147506952285767
1999-04-01,2,2523,-1.0375715494155884
1999-05-01,2,2523,-1.1364129781723022
1999-06-01,2,2523,-1.0149123668670654
1999-07-01,2,2523,-0.8907251358032227
1999-08-01,2,2523,-0.8715012073516846
1999-09-01,2,2523,-0.719128429889679
1999-10-01,2,2523,-0.11061897873878479
1999-11-01,2,2523,-0.16599392890930176
1999-12-01,2,2523,-0.5713285207748413
2000-01-01,2,2523,-1.023696780204773
2000-02-01,2,2523,-1.2568055391311646
2000-03-01,2,2523,-1.6732572317123413
2000-04-01,2,2523,-1.4401957988739014
2000-05-01,2,2523,-1.3688656091690063
2000-06-01,2,2523,-1.4168577194213867
2000-07-01,2,2523,-1.4858853816986084
2000-08-01,2,2523,-1.42791748046875
2000-09-01,2,2523,-1.8382169008255005
2000-10-01,2,2523,-1.1320220232009888
2000-11-01,2,2523,-0.9825685620307922
2000-12-01,2,2523,-0.7980573177337646
2001-01-01,2,2523,-0.2114158570766449
2001-02-01,2,2523,0.03516436368227005
2001-03-01,2,2523,0.37820249795913696
2001-04-01,2,2523,0.28851354122161865
2001-05-01,2,2523,0.38202714920043945
2001-06-01,2,2523,0.2778721749782562
2001-07-01,2,2523,0.36495906114578247
2001-08-01,2,2523,0.36500486731529236
2001-09-01,2,2523,0.7946116328239441
2001-10-01,2,2523,0.20620818436145782
2001-11-01,2,2523,0.42863929271698
2001-12-01,2,2523,-0.0910775437951088
2002-01-01,2,2523,-0.4600726068019867
2002-02-01,2,2523,-0.5501167178153992
2002-03-01,2,2523,-0.37251779437065125
2002-04-01,2,2523,0.013898343779146671
2002-05-01,2,2523,-0.030854053795337677
2002-06-01,2,2523,0.1579386293888092
2002-07-01,2,2523,0.11563645303249359
2002-08-01,2,2523,0.4071953594684601
2002-09-01,2,2523,0.07455385476350784
2002-10-01,2,2523,-0.20855312049388885
2002-11-01,2,2523,-0.3156828284263611
2002-12-01,2,2523,0.018558185547590256
2003-01-01,2,2523,0.06574518978595734
2003-02-01,2,2523,0.6034168601036072
2003-03-01,2,2523,0.48820653557777405
2003-04-01,2,2523,0.4887455701828003
2003-05-01,2,2523,0.671105146408081
2003-06-01,2,2523,0.7387555241584778
2003-07-01,2,2523,0.6902934312820435
2003-08-01,2,2523,0.4825302064418793
2003-09-01,2,2523,0.5161823630332947
2003-10-01,2,2523,0.9142165780067444
2003-11-01,2,2523,0.9913001656532288
2003-12-01,2,2523,1.0172252655029297
2004-01-01,2,2523,0.8581156730651855
2004-02-01,2,2523,0.7256416082382202
2004-03-01,2,2523,0.8673049807548523
2004-04-01,2,2523,0.8513079881668091
2004-05-01,2,2523,0.892396867275238
2004-06-01,2,2523,0.8940533995628357
2004-07-01,2,2523,0.9494129419326782
2004-08-01,2,2523,0.8319153189659119
2004-09-01,2,2523,0.8743059039115906
2004-10-01,2,2523,0.5447292327880859
2004-11-01,2,2523,0.07696635276079178
2004-12-01,2,2523,0.23957738280296326
2005-01-01,2,2523,-0.0018118969164788723
2005-02-01,2,2523,-0.17766089737415314
2005-03-01,2,2523,-0.6177387237548828
2005-04-01,2,2523,-1.051844835281372
2005-05-01,2,2523,-1.713693380355835
2005-06-01,2,2523,-1.7613757848739624
2005-07-01,2,2523,-1.7494261264801025
2005-08-01,2,2523,-1.5407911539077759
2005-09-01,2,2523,-1.5137945413589478
2005-10-01,2,2523,-1.8021241426467896
2005-11-01,2,2523,-1.2029038667678833
2005-12-01,2,2523,-1.6988520622253418
2006-01-01,2,2523,-0.8368917107582092
2006-02-01,2,2523,-0.7655807733535767
2006-03-01,2,2523,-0.5540157556533813
2006-04-01,2,2523,-0.3832966089248657
2006-05-01,2,2523,-0.16520461440086365
2006-06-01,2,2523,0.08220747113227844
2006-07-01,2,2523,0.08733107894659042
2006-08-01,2,2523,-0.02668413333594799
2006-09-01,2,2523,0.0030919183045625687
2006-10-01,2,2523,0.25295135378837585
2006-11-01,2,2523,0.5143028497695923
2006-12-01,2,2523,0.5245198011398315
2007-01-01,2,2523,0.3445652425289154
2007-02-01,2,2523,0.4916900396347046
2007-03-01,2,2523,0.7686451077461243
2007-04-01,2,2523,1.1456890106201172
2007-05-01,2,2523,1.023722529411316
2007-06-01,2,2523,0.7142403721809387
2007-07-01,2,2523,0.6271307468414307
2007-08-01,2,2523,0.7905212640762329
2007-09-01,2,2523,0.8294931054115295
2007-10-01,2,2523,1.569885015487671
2007-11-01,2,2523,1.0007109642028809
2007-12-01,2,2523,1.1659380197525024
2008-01-01,2,2523,0.7701051831245422
2008-02-01,2,2523,0.8273194432258606
2008-03-01,2,2523,0.4434029161930084
2008-04-01,2,2523,-0.07025916129350662
2008-05-01,2,2523,0.6001668572425842
2008-06-01,2,2523,0.5807132124900818
2008-07-01,2,2523,0.6631438732147217
2008-08-01,2,2523,0.4665367603302002
2008-09-01,2,2523,0.5083036422729492
2008-10-01,2,2523,0.2045019567012787
2008-11-01,2,2523,0.4828856885433197
2008-12-01,2,2523,0.6005757451057434
2009-01-01,2,2523,1.1144483089447021
2009-02-01,2,2523,1.0040862560272217
2009-03-01,2,2523,1.2428056001663208
2009-04-01,2,2523,1.2673908472061157
2009-05-01,2,2523,0.39637330174446106
2009-06-01,2,2523,0.4425402879714966
2009-07-01,2,2523,0.4144299626350403
2009-08-01,2,2523,0.509461522102356
2009-09-01,2,2523,1.0011731386184692
2009-10-01,2,2523,0.4572371542453766
2009-11-01,2,2523,0.20037724077701569
2009-12-01,2,2523,0.8908407092094421
2010-01-01,2,2523,1.0809260606765747
2010-02-01,2,2523,1.3526406288146973
2010-03-01,2,2523,1.3667988777160645
2010-04-01,2,2523,1.474623203277588
2010-05-01,2,2523,1.484365463256836
2010-06-01,2,2523,1.7482839822769165
2010-07-01,2,2523,1.7099195718765259
2010-08-01,2,2523,1.6694279909133911
2010-09-01,2,2523,1.1148369312286377
2010-10-01,2,2523,1.341333031654358
2010-11-01,2,2523,1.627037525177002
2010-12-01,2,2523,1.2142709493637085
2011-01-01,2,2523,0.6225406527519226
2011-02-01,2,2523,0.21809111535549164
2011-03-01,2,2523,0.20729266107082367
2011-04-01,2,2523,0.3304334282875061
2011-05-01,2,2523,0.5204514265060425
2011-06-01,2,2523,0.20506791770458221
2011-07-01,2,2523,0.29031577706336975
2011-08-01,2,2523,0.18985073268413544
2011-09-01,2,2523,0.11805625259876251
2011-10-01,2,2523,-0.1531158983707428
2011-11-01,2,2523,0.4057111442089081
2011-12-01,2,2523,0.09060852229595184
2012-01-01,2,2523,0.1733764261007309
2012-02-01,2,2523,-0.017233265563845634
2012-03-01,2,2523,-0.3979760408401489
2012-04-01,2,2523,-0.7793078422546387
2012-05-01,2,2523,-1.2281854152679443
2012-06-01,2,2523,-1.1899452209472656
2012-07-01,2,2523,-1.2929246425628662
2012-08-01,2,2523,-1.2954885959625244
2012-09-01,2,2523,-1.0338573455810547
2012-10-01,2,2523,-0.2664870023727417
2012-11-01,2,2523,-0.7023436427116394
2012-12-01,2,2523,-0.7630783319473267
2013-01-01,2,2523,-0.8677583336830139
2013-02-01,2,2523,-0.5276755690574646
2013-03-01,2,2523,-0.06151127070188522
2013-04-01,2,2523,0.08528819680213928
2013-05-01,2,2523,0.23922285437583923
2013-06-01,2,2523,0.35977253317832947
2013-07-01,2,2523,0.4578648507595062
2013-08-01,2,2523,0.8621827363967896
2013-09-01,2,2523,0.7518488764762878
2013-10-01,2,2523,0.18038339912891388
2013-11-01,2,2523,-0.29818108677864075
2013-12-01,2,2523,-0.09019966423511505
2014-01-01,2,2523,0.04054785519838333
2014-02-01,2,2523,0.18526633083820343
2014-03-01,2,2523,-0.3113851249217987
2014-04-01,2,2523,-0.399100661277771
2014-05-01,2,2523,-0.544925332069397
2014-06-01,2,2523,-0.4689808785915375
2014-07-01,2,2523,-0.4773312211036682
2014-08-01,2,2523,-0.9518524408340454
2014-09-01,2,2523,-0.7535213232040405
2014-10-01,2,2523,-0.7863104939460754
2014-11-01,2,2523,-0.0872805044054985
2014-12-01,2,2523,-0.06347697228193283
2015-01-01,2,2523,-0.5195660591125488
2015-02-01,2,2523,-0.5997675657272339
2015-03-01,2,2523,0.05237443745136261
2015-04-01,2,2523,0.04881538450717926
2015-05-01,2,2523,0.14867199957370758
2015-06-01,2,2523,0.12486869096755981
2015-07-01,2,2523,0.1424206793308258
2015-08-01,2,2523,0.3072238862514496
2015-09-01,2,2523,0.26234424114227295
2015-10-01,2,2523,0.48598137497901917
2015-11-01,2,2523,-0.0582803413271904
2015-12-01,2,2523,-0.5380479693412781
2016-01-01,2,2523,-0.32968005537986755
2016-02-01,2,2523,-0.21742655336856842
2016-03-01,2,2523,-0.6727101802825928
2016-04-01,2,2523,-0.7384495735168457
2016-05-01,2,2523,-0.6188686490058899
2016-06-01,2,2523,-0.8841724395751953
2016-07-01,2,2523,-0.9550514221191406
2016-08-01,2,2523,-1.041164755821228
2016-09-01,2,2523,-1.3421286344528198
2016-10-01,2,2523,-1.3433781862258911
2016-11-01,2,2523,-0.7945008873939514
2016-12-01,2,2523,0.4129326641559601
2017-01-01,2,2523,0.9647714495658875
2017-02-01,2,2523,1.0762730836868286
2017-03-01,2,2523,1.207717776298523
2017-04-01,2,2523,1.1141637563705444
2017-05-01,2,2523,0.9145627021789551
2017-06-01,2,2523,1.0172957181930542
2017-07-01,2,2523,1.0174615383148193
2017-08-01,2,2523,1.2194874286651611
2017-09-01,2,2523,1.2051515579223633
2017-10-01,2,2523,0.9070076942443848
2017-11-01,2,2523,0.097469262778759
2017-12-01,2,2523,-0.9029518365859985
2018-01-01,2,2523,-1.376503348350525
2018-02-01,2,2523,-1.3768290281295776
2018-03-01,2,2523,-1.44551682472229
2018-04-01,2,2523,-1.1016113758087158
2018-05-01,2,2523,-0.833297073841095
2018-06-01,2,2523,-0.7534987926483154
2018-07-01,2,2523,-0.8027188777923584
2018-08-01,2,2523,-0.7889137268066406
2018-09-01,2,2523,-0.3679715394973755
2018-10-01,2,2523,0.45111119747161865
2018-11-01,2,2523,0.9085666537284851
2018-12-01,2,2523,0.8456079959869385
2019-01-01,2,2523,0.36210906505584717
2019-02-01,2,2523,0.00043070761603303254
2019-03-01,2,2523,-0.2150624692440033
2019-04-01,2,2523,0.5581401586532593
2019-05-01,2,2523,0.3953942060470581
2019-06-01,2,2523,0.1943492591381073
2019-07-01,2,2523,0.3160175085067749
2019-08-01,2,2523,0.10491739213466644
2019-09-01,2,2523,0.43615368008613586
2019-10-01,2,2523,-0.08699849992990494
2019-11-01,2,2523,-0.3272874653339386
2019-12-01,2,2523,0.37753474712371826
2020-01-01,2,2523,1.0083688497543335
2020-02-01,2,2523,0.9603142142295837
2020-03-01,2,2523,1.3456264734268188
2020-04-01,2,2523,0.7060019373893738
2020-05-01,2,2523,0.9196124076843262
2020-06-01,2,2523,0.9212756156921387
2020-07-01,2,2523,0.9068548083305359
2020-08-01,2,2523,0.8182157874107361
2020-09-01,2,2523,0.23791192471981049
2020-10-01,2,2523,0.09456091374158859
2020-11-01,2,2523,0.45167458057403564
2020-12-01,2,2523,-0.21570467948913574
2021-01-01,2,2523,-0.6820255517959595
2021-02-01,2,2523,-0.34115907549858093
2021-03-01,2,2523,-0.48822343349456787
2021-04-01,2,2523,-0.13370031118392944
2021-05-01,2,2523,0.004953776951879263
2021-06-01,2,2523,0.4101232588291168
2021-07-01,2,2523,0.3560236692428589
2021-08-01,2,2523,0.4893885850906372
2021-09-01,2,2523,0.7094584107398987
2021-10-01,2,2523,0.9665066599845886
2021-11-01,2,2523,0.6717363595962524
2021-12-01,2,2523,0.6174459457397461
2022-01-01,2,2523,0.23586274683475494
2022-02-01,2,2523,0.0745500922203064
2022-03-01,2,2523,1.2610453367233276
2022-04-01,2,2523,1.362011432647705
2022-05-01,2,2523,1.117746353149414
2022-06-01,2,2523,0.8244531154632568
2022-07-01,2,2523,0.8287777900695801
2022-08-01,2,2523,0.7523736953735352
2022-09-01,2,2523,0.7853209972381592
2022-10-01,2,2523,0.8015860319137573
2022-11-01,2,2523,0.9956791996955872
2022-12-01,2,2523,1.3844135999679565
2023-01-01,2,2523,1.4357491731643677
2023-02-01,2,2523,1.4505795240402222
2023-03-01,2,2523,-0.20172716677188873
2023-04-01,2,2523,-1.114695429801941
2023-05-01,2,2523,-0.49214473366737366
2023-06-01,2,2523,0.2174464613199234
2023-07-01,2,2523,0.23222684860229492
2023-08-01,2,2523,0.09039650857448578
2023-09-01,2,2523,0.2729744613170624
2023-10-01,2,2523,0.18359532952308655
2023-11-01,2,2523,-0.27463898062705994
2023-12-01,2,2523,-0.6371923685073853
2024-01-01,2,2523,-0.4139900207519531
2024-02-01,2,2523,-0.2137957513332367
2024-03-01,2,2523,0.1908087432384491
2024-04-01,2,2523,0.2691487967967987
2024-05-01,2,2523,-0.572715163230896
2024-06-01,2,2523,-1.1527884006500244
2024-07-01,2,2523,-1.1853492259979248
2024-08-01,2,2523,-0.9000032544136047
2024-09-01,2,2523,-1.266745924949646
2024-10-01,2,2523,-0.735755980014801
2024-11-01,2,2523,-0.6610984802246094
2024-12-01,2,2523,-0.8479434251785278
2025-01-01,2,2523,-0.9932221174240112
2025-02-01,2,2523,-1.0235512256622314
2025-03-01,2,2523,-0.45238134264945984
2025-04-01,2,2523,-0.31899839639663696
2025-05-01,2,2523,0.012484735809266567
2025-06-01,2,2523,0.03960859403014183
2025-07-01,2,2523,0.2080863118171692
2025-08-01,2,2523,0.10440311580896378
2025-09-01,2,2523,0.013593600131571293
2025-10-01,2,2523,-0.17928235232830048
2025-11-01,2,2523,-0.05411146953701973
2025-12-01,2,2523,0.7438696026802063
2026-01-01,2,2523,1.082305908203125
2026-02-01,2,2523,1.4200094938278198
2026-03-01,2,2523,1.0833600759506226
1991-01-01,3,1593,
1991-02-01,3,1593,
1991-03-01,3,1593,
1991-04-01,3,1593,
1991-05-01,3,1593,
1991-06-01,3,1593,
1991-07-01,3,1593,
1991-08-01,3,1593,
1991-09-01,3,1593,
1991-10-01,3,1593,
1991-11-01,3,1593,
1991-12-01,3,1593,0.28237810730934143
1992-01-01,3,1593,0.4180537760257721
1992-02-01,3,1593,0.0915815532207489
1992-03-01,3,1593,-0.37560293078422546
1992-04-01,3,1593,-0.2805648744106293
1992-05-01,3,1593,-0.00020506788860075176
1992-06-01,3,1593,1.1226454973220825
1992-07-01,3,1593,1.2916945219039917
1992-08-01,3,1593,1.417905330657959
1992-09-01,3,1593,1.2456914186477661
1992-10-01,3,1593,1.5959922075271606
1992-11-01,3,1593,1.1857001781463623
1992-12-01,3,1593,1.2345218658447266
1993-01-01,3,1593,0.9648060202598572
1993-02-01,3,1593,0.9401760697364807
1993-03-01,3,1593,0.8684430122375488
1993-04-01,3,1593,0.9096596240997314
1993-05-01,3,1593,0.4990702271461487
1993-06-01,3,1593,-0.808323085308075
1993-07-01,3,1593,-1.104870319366455
1993-08-01,3,1593,-1.0452579259872437
1993-09-01,3,1593,-0.8345817923545837
1993-10-01,3,1593,-1.032063364982605
1993-11-01,3,1593,-0.8673173785209656
1993-12-01,3,1593,-1.0888928174972534
1994-01-01,3,1593,-0.6819213032722473
1994-02-01,3,1593,-0.34853652119636536
1994-03-01,3,1593,-0.5722319483757019
1994-04-01,3,1593,-0.7594158053398132
1994-05-01,3,1593,-0.7504168152809143
1994-06-01,3,1593,-0.6454322338104248
1994-07-01,3,1593,-0.5972306132316589
1994-08-01,3,1593,-0.8939839005470276
1994-09-01,3,1593,-0.40258923172950745
1994-10-01,3,1593,0.002978987991809845
1994-11-01,3,1593,0.23138903081417084
1994-12-01,3,1593,0.1948074996471405
1995-01-01,3,1593,0.13026544451713562
1995-02-01,3,1593,-0.09046625345945358
1995-03-01,3,1593,-0.0490926168859005
1995-04-01,3,1593,-0.10803774744272232
1995-05-01,3,1593,-0.3383488655090332
1995-06-01,3,1593,-0.5274645090103149
1995-07-01,3,1593,-0.4735882878303528
1995-08-01,3,1593,-0.3793618977069855
1995-09-01,3,1593,-1.3588271141052246
1995-10-01,3,1593,-2.460444927215576
1995-11-01,3,1593,-2.5931127071380615
1995-12-01,3,1593,-1.8983603715896606
1996-01-01,3,1593,-0.8555580377578735
1996-02-01,3,1593,-0.8773257732391357
1996-03-01,3,1593,-0.6611674427986145
1996-04-01,3,1593,-0.5047256946563721
1996-05-01,3,1593,-0.5485755801200867
1996-06-01,3,1593,-0.21378082036972046
1996-07-01,3,1593,-0.10709410160779953
1996-08-01,3,1593,0.1703283190727234
1996-09-01,3,1593,0.3982614576816559
1996-10-01,3,1593,0.4791003465652466
1996-11-01,3,1593,0.9570814371109009
1996-12-01,3,1593,1.1650726795196533
1997-01-01,3,1593,0.9894665479660034
1997-02-01,3,1593,0.9159785509109497
1997-03-01,3,1593,0.7350722551345825
1997-04-01,3,1593,0.44126182794570923
1997-05-01,3,1593,0.5815870761871338
1997-06-01,3,1593,0.8062430024147034
1997-07-01,3,1593,0.9734376668930054
1997-08-01,3,1593,1.070942997932434
1997-09-01,3,1593,0.9295944571495056
1997-10-01,3,1593,0.9728642702102661
1997-11-01,3,1593,0.4760350286960602
1997-12-01,3,1593,0.41595032811164856
1998-01-01,3,1593,-0.15409401059150696
1998-02-01,3,1593,-0.17494884133338928
1998-03-01,3,1593,0.11316943168640137
1998-04-01,3,1593,0.5564137697219849
1998-05-01,3,1593,0.4936147630214691
1998-06-01,3,1593,-0.0656183660030365
1998-07-01,3,1593,-0.3880853056907654
1998-08-01,3,1593,-0.7147590517997742
1998-09-01,3,1593,-0.5216279625892639
1998-10-01,3,1593,-0.4852665066719055
1998-11-01,3,1593,-0.7027939558029175
1998-12-01,3,1593,-1.2339410781860352
1999-01-01,3,1593,-1.7010644674301147
1999-02-01,3,1593,-1.488361120223999
1999-03-01,3,1593,-1.1684502363204956
1999-04-01,3,1593,-1.4890328645706177
1999-05-01,3,1593,-1.0236842632293701
1999-06-01,3,1593,-0.854958176612854
1999-07-01,3,1593,-0.5393356680870056
1999-08-01,3,1593,-0.6224889159202576
1999-09-01,3,1593,-0.29735472798347473
1999-10-01,3,1593,0.05850879102945328
1999-11-01,3,1593,0.24443385004997253
1999-12-01,3,1593,0.01715511828660965
2000-01-01,3,1593,-0.09919635206460953
2000-02-01,3,1593,-0.17744918167591095
2000-03-01,3,1593,-0.36434516310691833
2000-04-01,3,1593,0.06639938801527023
2000-05-01,3,1593,-0.232764333486557
2000-06-01,3,1593,0.09920725226402283
2000-07-01,3,1593,-0.15216781198978424
2000-08-01,3,1593,-0.24711787700653076
2000-09-01,3,1593,-0.733945369720459
2000-10-01,3,1593,-0.03874863311648369
2000-11-01,3,1593,0.15932418406009674
2000-12-01,3,1593,0.6132786870002747
2001-01-01,3,1593,1.2318005561828613
2001-02-01,3,1593,1.4008945226669312
2001-03-01,3,1593,1.5568711757659912
2001-04-01,3,1593,1.3295361995697021
2001-05-01,3,1593,1.400937795639038
2001-06-01,3,1593,0.8405576348304749
2001-07-01,3,1593,1.1466574668884277
2001-08-01,3,1593,1.1275300979614258
2001-09-01,3,1593,1.276530385017395
2001-10-01,3,1593,0.28306084871292114
2001-11-01,3,1593,0.12549972534179688
2001-12-01,3,1593,-0.589943528175354
2002-01-01,3,1593,-1.0044134855270386
2002-02-01,3,1593,-1.0721017122268677
2002-03-01,3,1593,-1.0271074771881104
2002-04-01,3,1593,-1.0618505477905273
2002-05-01,3,1593,-0.7817427515983582
2002-06-01,3,1593,-0.5938258767127991
2002-07-01,3,1593,-0.7550106048583984
2002-08-01,3,1593,-0.31371596455574036
2002-09-01,3,1593,-0.1874677985906601
2002-10-01,3,1593,0.17193181812763214
2002-11-01,3,1593,0.29287290573120117
2002-12-01,3,1593,0.7939868569374084
2003-01-01,3,1593,0.8698585629463196
2003-02-01,3,1593,1.3139424324035645
2003-03-01,3,1593,1.0628106594085693
2003-04-01,3,1593,0.9641228914260864
2003-05-01,3,1593,0.8512120246887207
2003-06-01,3,1593,0.8230737447738647
2003-07-01,3,1593,0.6541643738746643
2003-08-01,3,1593,0.48438555002212524
2003-09-01,3,1593,0.7160499095916748
2003-10-01,3,1593,0.9165328741073608
2003-11-01,3,1593,1.0047880411148071
2003-12-01,3,1593,0.9897498488426208
2004-01-01,3,1593,1.158601999282837
2004-02-01,3,1593,0.9738003015518188
2004-03-01,3,1593,1.1034042835235596
2004-04-01,3,1593,1.2462656497955322
2004-05-01,3,1593,1.3722997903823853
2004-06-01,3,1593,1.193953514099121
2004-07-01,3,1593,1.282538890838623
2004-08-01,3,1593,1.1618843078613281
2004-09-01,3,1593,1.0026744604110718
2004-10-01,3,1593,0.5293049812316895
2004-11-01,3,1593,0.1093616858124733
2004-12-01,3,1593,-0.0002229416131740436
2005-01-01,3,1593,-0.5611239075660706
2005-02-01,3,1593,-1.0027765035629272
2005-03-01,3,1593,-1.2423714399337769
2005-04-01,3,1593,-1.702943205833435
2005-05-01,3,1593,-1.6105108261108398
2005-06-01,3,1593,-1.3592299222946167
2005-07-01,3,1593,-1.4421143531799316
2005-08-01,3,1593,-1.0813360214233398
2005-09-01,3,1593,-1.045352578163147
2005-10-01,3,1593,-1.1017215251922607
2005-11-01,3,1593,-0.6121101379394531
2005-12-01,3,1593,-0.8451354503631592
2006-01-01,3,1593,-0.3836594820022583
2006-02-01,3,1593,-0.12349716573953629
2006-03-01,3,1593,0.06997940689325333
2006-04-01,3,1593,0.021630169823765755
2006-05-01,3,1593,-0.5646593570709229
2006-06-01,3,1593,-0.5098255276679993
2006-07-01,3,1593,-0.3124690353870392
2006-08-01,3,1593,-0.689873993396759
2006-09-01,3,1593,-0.027439866214990616
2006-10-01,3,1593,0.1384788304567337
2006-11-01,3,1593,-0.1755446344614029
2006-12-01,3,1593,-0.20454221963882446
2007-01-01,3,1593,-0.5240136981010437
2007-02-01,3,1593,-0.3238140642642975
2007-03-01,3,1593,-0.16440458595752716
2007-04-01,3,1593,0.5905978083610535
2007-05-01,3,1593,0.9236661791801453
2007-06-01,3,1593,0.8731592893600464
2007-07-01,3,1593,0.6260265111923218
2007-08-01,3,1593,0.7234864234924316
2007-09-01,3,1593,-0.21048830449581146
2007-10-01,3,1593,-0.22557151317596436
2007-11-01,3,1593,-0.4164571166038513
2007-12-01,3,1593,-0.46506768465042114
2008-01-01,3,1593,-0.35802432894706726
2008-02-01,3,1593,-0.6775049567222595
2008-03-01,3,1593,-0.9388285875320435
2008-04-01,3,1593,-1.4065526723861694
2008-05-01,3,1593,-0.5073700547218323
2008-06-01,3,1593,-0.611534059047699
2008-07-01,3,1593,-0.4550122916698456
2008-08-01,3,1593,-0.5257633328437805
2008-09-01,3,1593,-0.3175904154777527
2008-10-01,3,1593,-0.03146444633603096
2008-11-01,3,1593,0.35381847620010376
2008-12-01,3,1593,0.5868476033210754
2009-01-01,3,1593,0.8092003464698792
2009-02-01,3,1593,1.0028523206710815
2009-03-01,3,1593,0.9445812106132507
2009-04-01,3,1593,1.1886017322540283
2009-05-01,3,1593,0.08699216693639755
2009-06-01,3,1593,0.13798105716705322
2009-07-01,3,1593,0.09916796535253525
2009-08-01,3,1593,0.25649020075798035
2009-09-01,3,1593,0.4358662962913513
2009-10-01,3,1593,0.08779276907444
2009-11-01,3,1593,-0.10637740790843964
2009-12-01,3,1593,0.21701397001743317
2010-01-01,3,1593,0.394788533449173
2010-02-01,3,1593,0.6206401586532593
2010-03-01,3,1593,0.8015123605728149
2010-04-01,3,1593,0.16526174545288086
2010-05-01,3,1593,0.4019114077091217
2010-06-01,3,1593,0.7583903670310974
2010-07-01,3,1593,0.7551831007003784
2010-08-01,3,1593,0.6052822470664978
2010-09-01,3,1593,0.5665988922119141
2010-10-01,3,1593,0.7833727598190308
2010-11-01,3,1593,0.6674463152885437
2010-12-01,3,1593,0.30804455280303955
2011-01-01,3,1593,-0.12810058891773224
2011-02-01,3,1593,-0.4088609516620636
2011-03-01,3,1593,-0.09934991598129272
2011-04-01,3,1593,-0.11172865331172943
2011-05-01,3,1593,-0.22517134249210358
2011-06-01,3,1593,-0.7645197510719299
2011-07-01,3,1593,-0.6765904426574707
2011-08-01,3,1593,-0.7154924869537354
2011-09-01,3,1593,-1.114562749862671
2011-10-01,3,1593,-1.4910285472869873
2011-11-01,3,1593,-0.6581491827964783
2011-12-01,3,1593,-0.9639160633087158
2012-01-01,3,1593,-1.2688863277435303
2012-02-01,3,1593,-1.4923763275146484
2012-03-01,3,1593,-1.9942322969436646
2012-04-01,3,1593,-1.3768967390060425
2012-05-01,3,1593,-1.6263790130615234
2012-06-01,3,1593,-1.500318169593811
2012-07-01,3,1593,-1.4709563255310059
2012-08-01,3,1593,-1.4797310829162598
2012-09-01,3,1593,-1.067423701286316
2012-10-01,3,1593,0.020172419026494026
2012-11-01,3,1593,-0.43464595079421997
2012-12-01,3,1593,-0.4542381167411804
2013-01-01,3,1593,0.04390585422515869
2013-02-01,3,1593,0.39578741788864136
2013-03-01,3,1593,0.8766408562660217
2013-04-01,3,1593,0.7760401368141174
2013-05-01,3,1593,0.8453881740570068
2013-06-01,3,1593,1.1076802015304565
2013-07-01,3,1593,1.3263963460922241
2013-08-01,3,1593,1.523473858833313
2013-09-01,3,1593,1.3801603317260742
2013-10-01,3,1593,0.4853745996952057
2013-11-01,3,1593,0.7971229553222656
2013-12-01,3,1593,0.9144799709320068
2014-01-01,3,1593,0.956784725189209
2014-02-01,3,1593,1.027742624282837
2014-03-01,3,1593,0.5859600901603699
2014-04-01,3,1593,0.5372817516326904
2014-05-01,3,1593,0.5285723209381104
2014-06-01,3,1593,0.2280316948890686
2014-07-01,3,1593,0.05660853534936905
2014-08-01,3,1593,0.1939133107662201
2014-09-01,3,1593,0.8262547850608826
2014-10-01,3,1593,0.7324932813644409
2014-11-01,3,1593,0.9337271451950073
2014-12-01,3,1593,0.940274715423584
2015-01-01,3,1593,0.6942326426506042
2015-02-01,3,1593,0.5043342113494873
2015-03-01,3,1593,0.8156933784484863
2015-04-01,3,1593,0.47630712389945984
2015-05-01,3,1593,0.4036785960197449
2015-06-01,3,1593,0.5658321976661682
2015-07-01,3,1593,0.679158091545105
2015-08-01,3,1593,0.5940762758255005
2015-09-01,3,1593,0.17369329929351807
2015-10-01,3,1593,0.2485697865486145
2015-11-01,3,1593,-0.39252549409866333
2015-12-01,3,1593,-0.7176164388656616
2016-01-01,3,1593,-0.7630509734153748
2016-02-01,3,1593,-0.263351708650589
2016-03-01,3,1593,-0.6753159761428833
2016-04-01,3,1593,-0.35967278480529785
2016-05-01,3,1593,-0.15503880381584167
2016-06-01,3,1593,-0.6049692034721375
2016-07-01,3,1593,-0.9312313199043274
2016-08-01,3,1593,-1.3351460695266724
2016-09-01,3,1593,-1.5374314785003662
2016-10-01,3,1593,-1.244519829750061
2016-11-01,3,1593,-0.6763651371002197
2016-12-01,3,1593,-0.7636925578117371
2017-01-01,3,1593,-0.763688862323761
2017-02-01,3,1593,-0.8549849987030029
2017-03-01,3,1593,-0.4443393051624298
2017-04-01,3,1593,-0.9022045135498047
2017-05-01,3,1593,-1.2789069414138794
2017-06-01,3,1593,-0.875188946723938
2017-07-01,3,1593,-0.7365953326225281
2017-08-01,3,1593,-0.4331607520580292
2017-09-01,3,1593,-0.44364485144615173
2017-10-01,3,1593,-0.5947785377502441
2017-11-01,3,1593,-1.4499092102050781
2017-12-01,3,1593,-1.1804521083831787
2018-01-01,3,1593,-1.031577467918396
2018-02-01,3,1593,-0.8642962574958801
2018-03-01,3,1593,-0.8015637397766113
2018-04-01,3,1593,0.0061606550589203835
2018-05-01,3,1593,0.5394415259361267
2018-06-01,3,1593,0.353506863117218
2018-07-01,3,1593,0.32606378197669983
2018-08-01,3,1593,0.5141099095344543
2018-09-01,3,1593,0.5748260021209717
2018-10-01,3,1593,1.3252854347229004
2018-11-01,3,1593,1.5549263954162598
2018-12-01,3,1593,1.5095161199569702
2019-01-01,3,1593,1.373543620109558
2019-02-01,3,1593,0.8449296355247498
2019-03-01,3,1593,0.38371527194976807
2019-04-01,3,1593,0.13902243971824646
2019-05-01,3,1593,-0.3395453989505768
2019-06-01,3,1593,-0.5305476784706116
2019-07-01,3,1593,-0.28451135754585266
2019-08-01,3,1593,-0.32223987579345703
2019-09-01,3,1593,-0.4953659772872925
2019-10-01,3,1593,-0.8409587740898132
2019-11-01,3,1593,-0.8271327018737793
2019-12-01,3,1593,-0.3563634753227234
2020-01-01,3,1593,0.24780823290348053
2020-02-01,3,1593,0.21213948726654053
2020-03-01,3,1593,0.6673308610916138
2020-04-01,3,1593,0.6586257219314575
2020-05-01,3,1593,1.059480905532837
2020-06-01,3,1593,1.5546766519546509
2020-07-01,3,1593,1.2074788808822632
2020-08-01,3,1593,0.9525575041770935
2020-09-01,3,1593,1.0705384016036987
2020-10-01,3,1593,0.7401362657546997
2020-11-01,3,1593,0.844551682472229
2020-12-01,3,1593,0.5872257351875305
2021-01-01,3,1593,0.25028374791145325
2021-02-01,3,1593,0.6838107705116272
2021-03-01,3,1593,0.24548237025737762
2021-04-01,3,1593,-0.0196528360247612
2021-05-01,3,1593,-0.47169458866119385
2021-06-01,3,1593,-0.6019410490989685
2021-07-01,3,1593,-0.491495281457901
2021-08-01,3,1593,-0.33095017075538635
2021-09-01,3,1593,0.09311986714601517
2021-10-01,3,1593,0.057552043348550797
2021-11-01,3,1593,-0.10105080157518387
2021-12-01,3,1593,-0.2769940197467804
2022-01-01,3,1593,-0.8820185661315918
2022-02-01,3,1593,-1.2956912517547607
2022-03-01,3,1593,-0.3435819149017334
2022-04-01,3,1593,-0.186481773853302
2022-05-01,3,1593,-0.34877607226371765
2022-06-01,3,1593,-0.6694477796554565
2022-07-01,3,1593,-0.5533386468887329
2022-08-01,3,1593,-0.4469032883644104
2022-09-01,3,1593,-0.601975679397583
2022-10-01,3,1593,-0.41739487648010254
2022-11-01,3,1593,-0.4957817494869232
2022-12-01,3,1593,-0.37716710567474365
2023-01-01,3,1593,-0.14014936983585358
2023-02-01,3,1593,-0.08366766571998596
2023-03-01,3,1593,-0.9593831300735474
2023-04-01,3,1593,-1.549572229385376
2023-05-01,3,1593,-1.5687774419784546
2023-06-01,3,1593,-1.0113142728805542
2023-07-01,3,1593,-1.0380998849868774
2023-08-01,3,1593,-1.283311367034912
2023-09-01,3,1593,-1.23719322681427
2023-10-01,3,1593,-1.1548347473144531
2023-11-01,3,1593,-1.20552396774292
2023-12-01,3,1593,-1.555216908454895
2024-01-01,3,1593,-1.5029945373535156
2024-02-01,3,1593,-1.0952168703079224
2024-03-01,3,1593,-0.3061072826385498
2024-04-01,3,1593,0.0401877798140049
2024-05-01,3,1593,-0.28040847182273865
2024-06-01,3,1593,-0.9377948045730591
2024-07-01,3,1593,-0.934349775314331
2024-08-01,3,1593,-0.8063634037971497
2024-09-01,3,1593,-0.5032774806022644
2024-10-01,3,1593,0.3251078426837921
2024-11-01,3,1593,0.34550902247428894
2024-12-01,3,1593,0.21390065550804138
2025-01-01,3,1593,0.06677336990833282
2025-02-01,3,1593,-0.14402952790260315
2025-03-01,3,1593,-0.1659974604845047
2025-04-01,3,1593,-0.21190810203552246
2025-05-01,3,1593,0.19424952566623688
2025-06-01,3,1593,0.377372145652771
2025-07-01,3,1593,0.5847111344337463
2025-08-01,3,1593,0.6280260682106018
2025-09-01,3,1593,0.37998250126838684
2025-10-01,3,1593,-0.45543336868286133
2025-11-01,3,1593,-0.20681053400039673
2025-12-01,3,1593,0.2955784797668457
2026-01-01,3,1593,1.1358226537704468
2026-02-01,3,1593,1.5707156658172607
2026-03-01,3,1593,1.2899826765060425
